CT_Intitule,CT_Adresse,CT_Complement,CT_CodePostal,CT_Ville,CT_Pays,CT_Ape,CT_Identifiant,CT_Siret,CT_Telephone
LK-ANLAGENTECHNIK,FOCHER STRASSE 158,,42719,SOLINGEN DEUTSCHLAND,Allemagne,,,,
JUMELEC,ZAC DES SABLES,,54110,ROSIERES AUX SALINES,France,,,,03 83 25 83 64
FRANS BONHOMME,6 RUE COBRELLE,,88150,CHAVELOT,France,,,,03 29 31 18 10
ORANGE,,,,,France,,,,
FRANCE TELECOM,,,,,France,,,,
MOTOREN FRANCOYS,ZI VOIE NOUVELLE,RUE DE RECKEM,59960,NEUVILLE EN FERRAIN,France,,,,0320030835
SOCIETE ARTESIENNE DE PLASTURGIE,52 RUE FORT DE VAUX,,62210,AVION,France,,,,03 21 13 64 05
BIGNARD,5 RUE DE L'INDUSTRIE,,76160,ST LEGER DU BOURG DENIS,France,,,,02 35 08 20 95
EUROTOP,AEROPORT EPINAL MIRECOURT,,88500,JUVAINCOURT,France,,,,03 29 37 88 11
ENERFLUID,143 AVENUE DU GENERAL DE GAULLE,BP 102,92252,LA GARENNE-COLOMBES CEDEX,France,,,,01 41 19 33 36
ELSTER WATER METERING,ESPACES MULTISERVICES,LOT 09 56 BOULEVARD DE COURCERIN,77183,CROISSY BEAUBOURG,France,,,,01 61 44 00 90
DUMONT FRANCE,Z.I. MARDEUIL,17 RUE DU PRE BREDA,"51202 ",EPERNAY,France,,,,03 26 55 58 58
KOLB,,,,,France,,,,
EDF,,,,,France,,,,
PRO IMPEC,,,,,France,,,,
WEIR MINERALS FRANCE,10 RUE JACQUARD,,69680,CHASSIEU,France,,,,04 72 81 72 72
FOURNISSEURS DIVERS,,,,,France,,,,
"INGERSOLL RAND INDUSTRIAL IRELAND ",165 LAKEVIEW DRIVE,AIRSIDE BUSINESS PARK,,SWORDS IRLANDE,Irlande,,IE3643898VH,,06 08 76 70 33
VARISCO S.p.A.,"Z.I. NORD 3a - TERZA STRADA, 9",,35129,PADOVA - ITALY,Italie,,IT00209080282,,00 39 049 8294111
CONRAD,,,59861,LILLE CEDEX 9,France,,,,
LE LUTH,,,,,France,,,,
BIP AND GO,,,,,France,,,,
PROMINENT FRANCE S.A.,8 RUE DES FRERES LUMIERE,BP 39 ECKBOLSHEIM,67038,STRASBOURG CEDEX,France,,,,03 88 10 15 10
RAJA,,,,,France,,,,
CTMP,ZI DU VERT GALANT,6 RUE AMPERE,95310,SAINT OUEN L'AUMONE,France,,,,01 30 37 46 06
KICH,,,,,France,,,,
CEC,,,,,France,,,,03 25 73 22 20
TECOFI FRANCE,ZAC EverEst Parc,8 rue Joseph Nicéphore Nièpce,69747,GENAS CEDEX,France,,,,04 72 79 05 79
F.P.Z. spa,16/18 VIA FRATELLI CERVI,,20049,CONCOREZZO MI (ITALIE),France,,,,
MOUVEX,2 RUE DES CAILLOTTES,,89000,AUXERRE,France,,,,03 86 49 86 30
GERARDOT J.F.,16 RUE D'EPINAL,,88700,VOMECOURT,France,,,,03 29 65 34 63
SPECK POMPES,ZONE INDUSTRIELLE BP227,4 RUE DE L'ENERGIE,67727,HOERDT CEDEX,France,,,,03 88 68 26 60
EMICA BOMBAS S.L,B95893111,POLIGONO EL CAMPILLO A 25-29,48500,GALLARTA BIZKAIA,Espagne,,ESB95893111,,
TRESOR PUBLIC,,,,,France,,,,
SOGIT,BP 54,LA CROISETTE,54330,VEZELISE,France,,,,03 83 26 92 88
VEOLIA,,,,,France,,,,
APUMAS,Avenue Henri Piedboeuf,4-6,4031,ANGLEUR,Belgique,,BE 0864617022,,0032 4 247 46 11
H+VALVES,"557 IMPASSE ""LES SAILLANTS""",,69380,CHESSY LES MINES,France,,,,04 72 54 40 11
EMEC FRANCE,33 RUE PIERRE BRAY,Z.A. LA TUILERIE,60290,NEUILLY-SOUS-CLERMONT,France,,,,09 51 86 15 22
SCIE MAT EMBALLAGE,4 RUE DE LA SANCE,,54600,VILLERS LES NANCY,France,,,,03 83 27 87 22
ECOLAB,8 RUE ROUGET DE LISLE,,92442,ISSY LES MOULINEAUX,France,,,,01 40 93 92 21
HYDROFLUIDE,4 RUE LOUIS BRAILLE,,26230,VALAURIE,France,,,,04 75 46 19 49
FLOWSERVE SIHI (France) S.A.S.,Le Gershwin,1 rue Arnold Schoenberg,78280,GUYANCOURT,France,,,77570814200283," 01 34 82 39 00"
PCM EUROPE SAS,6 BOULEVARD BINEAU,,"92300 ",LEVALLOIS PERRET,France,,,,01 77 68 31 00
MECMAS,ZONE D'ACTIVITES DU MOULIN,551 ROUTE DEPARTEMENTALE 60,88600,LA CHAPELLE DEVANT BRUYERES,France,,,,03 29 58 59 55
OREXAD BRAMMER,ZA DU PRE DROUE,8 RUE DE BASSAGARD,88150,CHAVELOT,France,,,,03 29 29 15 70
VALIFLUID,"1 Chemin de Clésure ",,54270,ESSEY-LES-NANCY,France,,,,03 83 20 19 48
SERMES S.A.,14 RUE DES FRERES EBERTS,,67100,STRASBOURG,France,,,,03 88 40 73 25
BAMO MESURES,22 RUE DE LA VOIE DES BANS,ZI DE LA GARE,95100,ARGENTEUIL,France,,,,01 30 25 83 20
SYDEX SRL,"VIA BADEN POWELL, 24",,36045,"LONIGO, VICENZA ITALY",Italie,,IT03075420244,,0039 04 44 43 25 88
LUMOX,15 RUE ANTOINE BALARD,BP 77504 SAINT OUEN L'AUMONE,95040,"CERGY CEDEX ",France,,,,01 34 64 46 29
XYLEM,SITE ALSACE LORRAINE,BP 40425 FEGERSHEIM,67412,ILLKIRCH CEDEX,France,,,,09 71 10 11 11
ADF SYSTEMES,82 AVENUE RAYMON ARON,,91300,MASSY,France,,,,
ADG SIGNALISATION,28 RUE DU DOCTEUR ZIVRE,,54340,POMPEY,France,,,,03 83 24 34 50
ATELIER ELECTRIQUE NORMAND,ROUTE DU BOIS RICARD,,76770,MALAUNAY,France,,,,02 35 33 86 11
AIR ET EAU SYSTEMES,94 RUE DE L'EGLISE,,54710,LUDRES,France,,,,03 83 26 33 33
ANFRAY,RUE ANDRE VOISIN,,76200,DIEPPE,France,,,,"02 32 14 52 13 "
BECOT SAS,Z.I. DU CHENE VERT,,49124,ST BARTHELEMY D'ANJOU,France,,,,02 41 43 60 20
APAVE ALSACIENNE,BP 1055,,54522,LAXOU CEDEX,France,,,,03 83 98 38 50
APS-INTERNATIONAL,PARC D'ACTIVITE,SECTEUR PETITE MER - BP 19,59264,ONNAING,France,,,,03 27 27 75 75
ASTRO S.R.L.,"VIA FORNACE, 4",,24050,MORNICO AL SERIO,Italie,,IT01245600166,,
"STÜBBE ",HOLLWIESER Str. 5,,D-32606,VLOTHO - GERMANY,Allemagne,,DE125354336,,01 30 75 10 45
AT2I,3 AVENUE MARGUERITE,,95220,HERBLAY,France,,,,0950342663
ATAZ,16 AVENUE DE L'EUROPE,,33290,BLANQUEFORT,France,,,,0556956863
AUTOCLAVE FRANCE,17 RUE PARMENTIER,B.P. 60032,60292,RANTIGNY CEDEX,France,,,,0344691110
LES AUTOMATISMES APPLIQUES,BAT. 9,PARC DE LA SAINTE VICTOIRE,13590,MEYREUIL,France,,,,04 42 12 57 57
BAILLY M,,,,,France,,,,06 78 73 64 01
BENE INOX,11 CHEMIN DE LA PIERRE BLANCHE,,69800,SAINT-PRIEST,France,,,,04 72 79 05 17
SB USINAGE,365 GRANDE RUE,,88170,BIECOURT,France,,,,0329376186
BLE PUMPS,"CHURCH STREET, ECKINGTON",SHEFFIELD,S21 4BH,ENGLAND,Allemagne,,,,00441246436632
BNP PARIBAS,,,,,France,,,,
BOCQUET N,4 CONTOUR DU MARAIS,,59161,RAMILLIES,France,,,,03 27 83 54 72
BÖRGER,9 RUE DES PRES,,67670,WITTERSHEIM,France,,,,0388515468
BOYSER,C/. MIQUEL MARTI I POL S/N,POL. IND. PLA DE LA COSTA,E-08182,SANT FELIU DE CODINES,Espagne,,ESB60942844,,0034938447778
BUSAK+SHAMBAN,38 RUE JEAN MERMOZ,BP 106,78602,MAISONS-LAFFITTE CEDEX,France,,,,0130865600
CAPEST INDUSTRIE,116 - 118 RUE CHARLES III,B.P. 374,54007,NANCY Cedex,France,,,,0383328002
CAT PUMPS INTERNATIONAL NV,HEIVELDEKENS 6 A,,B-2550,KONTICH - Belgium,Belgique,,,,0032 3 4507150
CIMMO 88,71 RUE DU CIMETIERE,,88500,MIRECOURT,France,,,,
CIR,BP 613,,59506,DOUAI CEDEX,France,,,,
COLAS ET GIRE,PARC D'ACTIVITE DES GRANDS CHENES,7 RUE DU CHAPOLY,69290,SAINT GENIS LES OLLIERES,France,,,,0478835534
CREACTIV,68 RUE DES GRAVIERS,,78200,MAGNAVILLE,France,,,,01 34 77 14 52
CTB-CHOFFEL-ELECTRONIQUE,29 RUE DU RANG DE VESEAUX,MOULIN SAINT NABORD BP 58,"88202 ",REMIREMONT,France,,,,0329624070
DEFAMETAL,649 RUE PIERRE ET MARIE CURIE,Z.I. NANCY LUDRES - BP 76,54714,LUDRES CEDEX,France,,,,03 83 25 24 44
DELLMECO LTD,5 JUPITER HOUSE REG. OFFICE,CALLEVA PARK - ALDERMASTON,RG7 8NN,UNITED KINGDOM,,,,,0044 207 788 7622
DIFFUSION TECHNIQUE DITECH,ZI NORD,,01400,CHATILLON SUR CHALARONNE,France,,,,0474554320
EBARA,122 RUE PASTEUR,,69780,"TOUSSIEU ",France,,,,04 72 76 94 82
EFRAPO - Chavelot,26 RUE D'EPINAL,ZI PRE DOUE,88150,CHAVELOT EPINAL,France,,,,0329811125
EFRAPO - Heillecourt,14 RUE DES ERABLES,BP 70024,54181,HEILLECOURT CEDEX,France,,,,
GRIFFON EST ELECTRIQUE,ZAC BOIS DU TAMBOUR,BP 48,54840,GONDREVILLE,France,,,,03 83 65 55 60
ELECTROTEC,96 TER RUE DU GRAND CHEMIN,,59100,ROUBAIX,France,,,,0320263361
EM-TECHNIQUE SARL,23-24 RUE NICOLAS COPERNIC,ZAC LES PORTES DE L'OISE,60230,CHAMBLY,France,,,,01 39 37 22 90
ENDRESS HAUSER,3 RUE DU RHIN,BP 150,68331,HUNINGUE Cédex,France,,,,03 89 69 67 68
ER INGENIERIE SAS,18 RUE BLAISE PASCAL,SITE TECHNOLOGIQUE SAINT-JACQUES I,54320,"MAXEVILLE ",France,,,,0383982323
SOCIETE ERIDIS,9 RUE DU GUE,,92500,RUEIL MALMAISON,France,,,,0134774281
ESPACE INOX,100 RUE DU RUISSEAU D'URPONT,,54710,FLEVILLE,France,,,,0383569900
EUROPART'S,24 RUE DE LA SAVONNERIE,BP 9,68460,LUTTERBACH,France,,,,0389625462
EXIM POMPES,PARC ELYSEE,37 RUE MICHEL ANGE,91080,COURCOURONNES,France,,,,01 60 76 16 95
FLUX FRANCE,1 RUE AMBROISE CROIZAT,,77183,"CROISSY BEAUBOURG ",France,,,,01.64.15.20.00
HYD&AU FLUIDE,"DIVISION 2 ",1 RUE DES VERRIERS,57070,METZ ACTIPOLE,France,,,,0390227808
FRANCOMME E,16 RUE ANATOLE FRANCE,,54500,VANDOEUVRE-LES-NANCY,France,,,,09 51 14 43 23
GALASSI & ORTOLANI Srl,VIA GHIRLANDAIO 2/4,,20096,PIOLTELLO (MILANO),Italie,,"IT00732780150 ",,00 390 292 103 801
GAN,,,,,France,,,,
GARLOCK FRANCE,90 RUE DE LA ROCHE DU GEAI,,42029,SAINT-ETIENNE CEDEX 1,France,,,,0477435191
GEDIMAT,,,,,France,,,,
GLYNWED,Z.I. ROUTE DE BEZIERS,,34140,MEZE,France,,,,04 67 51 63 38
GOOGLE,,,,,France,,,,
DACHSER,AVENUE DE L'EUROPE,,85130,LA VERRIE FRANCE,France,,,,
GRANDBLAISE LEROY,ZAC DE LA VOIVRE,,88000,EPINAL,France,,,,"03 29 81 32 32 "
GROUPAMA,,,,,France,,,,
HASKEL EUROPE LIMITED,NORTH HYLTON ROAD,,SR5 3JD,SUNDERLAND,Angleterre,,,,0320046600
HERVIEU S.A.S,6 AVENUE DES PETITES HAIES,Z.I.,94015,CRETEIL CEDEX,France,,,,0145179100
"HIDRACAR, S.A.",POL. IND. BUFALVENT,"C/RAMON FARGUELL,71",08243,MANRESA (BARCELONA),Espagne,,ESA08356032,,0034938330252
ISOLANT DE L'EST,28 AVENUE DES ERABLES,BP 46,54182,HEILLECOURT CEDEX,France,,,,0383531818
IGOL INDUSTRIE,72 RUE ALSACE LORRAINE,BP 2,58028,NEVERS CEDEX,France,,,,03 86 59 78 81
INOTEC,WALDSHUTER STRABE 25,,D-79761,WALDSHUT-TIENGEN,Allemagne,,,,00 49 7741 6805-0
HYLICO,POLE D'ACTIVITES DES LONGS CHAMPS,RUE JEHAN BODEL,62217,BEAURAINS,France,,,,03 21 24 77 77
ITT FLYGT - Reims,16 ROUTE DE CHAMPIGNY,,51430,TINQUEUX,France,,,,03 26 84 33 24
J2L IMMO,,,,,France,,,,
JETLY,28 RUE PROVENCE,,38297,SAINT QUENTION FALLAVIER,France,4669B,,33823622700025,04 74 94 18 24
JLP2L,,,,,France,,,,
JLS INTERNATIONAL GERMANY,SCHLAGKAMP 6,,46509,XANTEN - GERMANY,Allemagne,,,,+49 (0) 2801 / 984314
SPX FLOW TECHNOLOGY SAS,6 RUE JACQUARD,,27006,EVREUX CEDEX,France,,,,0139205000
JUMO REGULATION S.A.S.,7 RUE DES DRAPIERS,B.P. 45200 ACTIPOLE BORNY,57075,METZ CEDEX 3,France,,,,0387375300
ARVAL,,,,,France,,,,
KSB SAS,RUE DE LA GARE,,76250,DEVILLE LES ROUEN,France,,FR20569801897,56980189700632,02 32 82 83 26
KUBLER FRANCE SA - VOIR EFRAPO,10 AVENUE D'ALSACE,BP 54,68702,CERNAY CEDEX,France,,,,0389754173
LANDIA,11 ALLEE DE LA COUDRAIE,,29000,QUIMPER,France,,,,02 98 55 93 93
SFR,,,,,France,,,,
LEFEVRE JL,19 RUE PASTEUR,,51430,TINQUEUX,France,,,,03 26 97 84 65
LAUDINOT P,,,,,France,,,,"06 85 70 21 84 "
LEROY SOMER,18 ALLEE DE LA FORET DE LA REINE,,54600,VILLERS LES NANCY,France,,,,03 83 44 04 33
LESER SARL,Z.A. DE PINET,IMPASSE DE CASTELVIEL,31180,ROUFFIAC-TOLOSAN,France,,,,05 62 18 56 73
LEVIEL GROUPE TPA SAS,54 BIS AVENUE SARAH BERNHARDT,BP 115,51433,TINQUEUX CEDEX,France,,,,03 26 50 89 89
LIVERANI S.r.l,"VIA DE' BROZZI, 94",,48022,LUGO (RA)  ITALY,Italie,,IT00375260395,,39 0545 22379
LORAPLAST,7 RUE DES MAILLYS,ZAC DE PULNOY - BP 29,54271,ESSEY-LES-NANCY,France,,,,03 83 33 19 99
LOWARA,,BP 7311,37073,TOURS CEDEX 2,France,,,,
LR,27 RUE CUVIER,,93107,MONTREUIL,France,,,,0149207000
WATSON MARLOW PUMPS SAS,9 ROUTE DE GALLUIS,ZI LES CROIX,78940,LA QUEUE LEZ YVELINES,France,,,,01 34 87 12 12
MD INDUSTRIE,62 RUE VOLANT,,92000,NANTERRE,France,,,,01 47 21 76 62
MDM,ZA LEONARD DE VINCI,21 AVENUE GRAHAM BELL,77607,MARNE LA VALLEE CEDEX 03,France,,,,0160940360
MECANELEC SARL,13 RUE SAINT HONORE,,78000,VERSAILLES,France,,,,"01 30 99 74 46 "
TECHNI CONTACT,,,,,France,,,,
MICHAUD ET CHAILLY,95 IMPASSE HENRI BECQUEREL,ZONE INDUSTRIELLE - BP 70024,54712,LUDRES CEDEX,France,,,,0383955050
MILTON ROY EUROPE,BP 94-77212 AVON CEDEX,10 RUE DU BOIS GASSEAU,77210,SAMOREAU,France,,,,01 60 74 95 20
N3M PLASTURGIES,RUE DES CELTES,,68510,SIERENTZ,France,,,,0389268719
O-TELECOM,6 ALLEE PELLETER DOISY,,54603,VILLERS LES NANCY CEDEX,France,,,,
PARFIP,,,,,France,,,,
GULDAGIL,4 RUE ROBERT SCHUMAN,BP 25,68171,RIXHEIM CEDEX,France,,,,
PLASTIMEUSE,17 QUAI DU MOULIN,,08600,GIVET,France,,,,03 24 42 73 28
PLASTICHAMP,ALLEE MAXENU,ZA LES BORDETS,51530,PIERRY,France,,,,03 26 54 59 87
POMPES POLLARD,BP746,,83030,TOULON Cedex 09,France,,,,04 94 10 19 90
POMPES SERVICES 59,160 RUE DU 8 MAI 1945,,59113,SECLIN,France,,,,0328160420
POMPES ET PROCESS,Z.I. LES GRANDES RAIES,415 RUE HENRI MOISSAN,54710,LUDRES,France,,,,0383545413
PRESSOL SAS,3 RUE WESTRICH,Z.I. NORD,67604,SELESTAT Cedex,France,,,,0388580046
PROCESS ENGINEERING,6 ROUTE D'EPINAL,,88150,CHAVELOT,France,,,,0329291029
PUM PLASTIQUE S.A.,ZI DE CHAVELOT,RUE DU PRE DROUE,88150,CHAVELOT,France,,,,03 29 34 41 49
REDWOOD INDUSTRIES,"ZA de Coat Yen, Bâtiment G1",1a rue Henry Dupuis de Lome,22140,BEGARD,France,,,,01 55 96 19 91
RIVAT P,17 BIS RUE DE LA LIBERATION,,88600,BRUYERES,France,,,,
ROBIPLAST sarl,PARC D'ACTIVITES DU STADE,5 RUE ETTORE & JEAN BUGATTI,67870,BISCHOFFSHEIM,France,,,,03 88 50 42 54
WILO FRANCE SAS,Espace Lumière Bat.6,53 boulevard de la république,78403,CHATOU CEDEX,France,,,,02 43 59 54 97
SALVI,48 RUE DU CUIVRE,BP 72,77543,SAVIGNY LE TEMPLE Cedex,France,,,,01 64 41 99 75
SEW USOCOME,48 A 54 ROUTE DE SOUFFLENHEIM,BP 20185,67506,HAGUENAU CEDEX,France,,,,0388736700
SWAGELOK PARIS,IMMEUBLE LE NATH,24 AVENUE DE LA BALTIQUE,91978,COURTABOEUF CEDEX,France,,,,01 69 18 96 00
TAPFLO FRANCE,100 rue des Métiers,Bâtiment Actineos -Lot 7,78200,BUCHELAY,France,,,,01 88 78 82 40
TAP,91 AVENUE DE SAINTE APOLLINE,ZA DE SAINTE APOLLINE,78370,PLAISIR,France,,,,0130566388
TECHNIQUES DES FLUIDES,7 RUE DE LA FOSSE AUX LOUPS,,95100,ARGENTEUIL,France,,,,01 34 11 13 73
TECHNIQUES INDUSTRIES,ZA LA COUTURE,,80260,POULAINVILLE,France,,,,
TELSTAR,26 AVENUE ROGER HENNEQUIN,,78190,TRAPPES,France,,,,0130165000
ALICE,,,,,France,,,,
TMR,PARC D' ACTIVITES DES ONDELLES,,76240,BELBEUF,France,,,,0235807360
FEDEX EXPRESS FR SAS,TSA 91647,"CS 17237 ",91764,PALAISEAU,France,,FR22973505357,,
SA VAUDREY,1 BIS BOULEVARD VAL DE VESLE PROLON,,51500,SAINT LEONARD,France,,,,03 26 02 31 41
VERDER,PARC DES BELLEVUES,RUE DU GROS CHENE,95610,ERAGNY SUR OISE,France,,FR 05 326 966 272,,01 34 64 31 11
VIKING,,,,,France,,,,
"WILO France SAS ",9 AVENUE GEORGES MELIES,ZAC LA CROIX BONNET,78390,BOIS D'ARCY,France,515J,FR 04 689 803 922,689803922,0130050930
MILTON ROY EUROPE,10 GRANDE RUE 27360 PONT ST PIERRE,BP 8313,27108,VAL DE REUIL CEDEX,France,,,,
MILTON ROY EUROPE PR,10 GRANDE RUE,,27360,PONT-SAINT-PIERRE,France,,,,
MESA,"BATIMENT D1 ",37 RUE HELENE MULLER,94320,THIAIS,France,,,,"01 77 01 84 40 "
KOBOLD INSTRUMENTATION,P.A. DES BETHUNES,16 AVENUE DU FIEF,95310,SAINT OUEN L'AUMONE,France,,,,01 34 21 91 15
INNVENDO,ZA MARLENE DREISPITZ,3 RUE DU COMMERCE,67700,MONSWILLER,France,,,,03 88 02 50 60
SULZER POMPES FRANCE,1 RUE DE L'INNOVATION,MANTES INNOVAPARC,78200,BUCHELAY,France,,,,04 72 31 93 04
NORD REDUCTEURS,17 AVENUE GEORGES CLEMENCEAU,,93421,VILLEPINTE CEDEX,France,,,,08 20 00 04 09
EUREKA,ZA HELLIEULE 2,AVENUE DE L'EGALITE BP 82,88103,SAINT DIE DES VOSGES CEDEX,France,,,,03 29 56 55 55
ORANGE BS,,,,,France,,,,
SERGEANT EST,49 RUE MARCEL BROT,,54003,NANCY CEDEX,France,,,,03 83 35 07 10
LIDERING,INOPOLIS,204 ROUTE DE VOURLES,69230,SAINT GENIS LAVAL,France,,,,04 72 67 02 67
JACQUEMIN,ZONE INOVA 3000,BP 50044,88152,THAON LES VOSGES,France,,,,
REXEL ST DIE,2 IMPASSE DU PREBLINVIL,,88100,ST DIE DES VOSGES,France,,,,03 29 55 43 50
ATELIER LORRAIN,836 RUE DE METZ,,54390,FROUARD,France,,,,
MARCHAL,11 ALLEE DES RAPAILLES,ZAC DE LE ROCHE,88000,EPINAL,France,,,,03 29 81 44 88
CIRCOR IMO ALLWEILER,14 RUE DE HOLLANDE,,37100,TOURS,France,,,,02 47 40 23 23
PROMOTECH,6 ALLEE PELLETIER DOISY,,54606,VILLERS LES NANCY CEDEX,France,,,,03 83 50 44 44
HOMMES ET COMPETENCES,133 LOT LE CLOS DES CHENES,,88470,SAINT MICHEL SUR MEURTHE,France,,,,
POMPES JAPY,PARC D'ACTIVITES DU MOULIN,BP 15,25490,FESCHES LE CHATEL,France,,,,03 81 96 10 74
LE RESERVOIR MASSAL,CHEMIN DES SEPT PONTS,BP 10026,34301,AGDE CDEX,France,,,,04 67 94 79 11
CALPEDA,19 RUE DE LA COMMUNAUTE,BP3,44140,LE BIGNON,France,,,,02 40 03 13 30
SIVOM MIRECOURT,,,,,France,,,,
MELCION,,,,,France,,,,
MMA IARD,,,,,France,,,,
JPG,,,,,France,,,,
DPD,14 RUE ALBERT ERNSTEIN,PARC D'ACT JACQUES,54320,MAXEVILLE,France,,,,03 83 95 83 95
WILLY LEISSNER,AGENCE D'EPINAL,20 RUE LEO VALENTIN,88000,EPINAL,,,,,03 29 68 37 13
AQUACONTROL,RUE HENRI BECQUEREL - BAT B3,"ZAC ""LES PORTES DE L'OISE""",60230,CHAMBLY,France,,,,01 34 70 02 19
EVEN PRO,ZA LE MAYNE,,47440,CASSENEUIL,France,,,,05 53 49 59 00
ROTOPLAST,5 RUE DU STADE,,02800,BEAUTOR,France,,,,03 23 57 54 50
BURNEL,,,,,France,,,,
CALBERSON,8 RUE DE LA MOUSSIERE,ZA LES MOUSSIERES,54210,VILLE EN VERMOIS,France,,,,03 83 15 65 65
BOHL PLAST ENVIRONNEMENT,2 RUE DE LA SAUGE,ZAI LES PINS,68700,CERNAY,France,,,,03 89 35 18 32
CTRI,"ZA DU MARTELBERG ",12 RUE DES RUSTAUDS CS 40089,67700,MONSWILLER,France,,,,03 88 01 80 00
SIEBEC,8 RUE GUY MOCQUET,,38602,FONTAINE,France,,,,04 76 26 12 09
SAGE,LE COLISSEE II,10 RUE FRUCTIDOR,75834,PARIS CEDEX 17,France,,,,
PRESTIGE AUTOMOBILE SAS,ZONE COMMERCIALE DU PRE DOUE,,88150,CHAVELOT,France,,,,
HONORE,Z.A. – BP N° 2,,88390,LES FORGES,France,,,,03 29 64 10 11
POMPES GROSCLAUDE,PARC DU CHENE,29 RUE DU 35EME REGIMENT D'AVIATION,69500,BRON,France,,,,04 72 37 94 00
COGEFLU,309 RUE DU PUECH,,30310,VERGEZE,France,,,,04 66 06 06 06
FRACCAROLO POMPE,VIA ISONZO 30,,21040,GERENZANO,Italie,,,,0039 0331 577 710
AXFLOW,87 RUE DES POIRIERS,STE APOLLINE,78372,PLAISIR CEDEX,France,,,,01 30 68 41 41
GMI,4 RUE JEAN BAPTISTE MARCET,,44570,TRIGNAC,France,,,,02 51 10 18 18
PHA SAS,14 Z.A. LES PIBOULES,,84300,LES TAILLADES,France,,,,04 90 78 19 99
ABEL,ABEL-TWIETE 1,,D-21514,BUCHEN,Allemagne,,DE305588211,,0049 41 55 81 84 82
DP PUMPS,POB 28,,2400,ALPHEN AAN DEN RIJN,Pays-Bas,,,,
SABE,LA PERAUDERIE,BP 5,85140,CHAUCHE,France,,,,02 51 41 83 13
IWAKI FRANCE,9 RUE JOLY DE BAMMEVILLE,PARC DE LA FONTAINE DE JOUVENCE,91460,MARCOUSSIS,France,,,,01 69 63 33 70
METAUX MOTEURS,ZI LES PRADEAUX,AVENUE SALVADORE ALLENDE,13850,GREASQUE,France,,,,04 42 69 92 56
R+B FILTER GmbH,POSTFACH 11 06,,74241,LANGENBRETTACH,Allemagne,,,,
ID INSERT DEAL S.r.l.,"STRADA DEI BOSCHI, 40",,20058,VILLASANTA (MI),Italie,,,,"+39 (0)39 302 035 "
DEBEM SRL,VIA DEL BOSCO 41,,21052,BUSTO ARSIZIO,Italie,,,,39-0331-074034
GOLICZ Jérôme,14 GRANDE RUE,,57155,MARLY,France,,,,06 71 42 22 63
FRISTAM,ZAC DU PRIEURE OUEST,15 AVENUE CHRISTIAN DOPPLER,77700,BAILLY ROMAINVILLIERS,France,,,,01 60 42 86 10
TC FRET EXPRESS,12 RUE DE L'EGALITE,,88000,EPINAL,France,,,,
XAVIER LEJAL,96 RUE DES JUMEAUX,,88470,SAINT MICHEL SUR MEURTHE,France,,,,"03 29 58 38 02 "
SNGM,RUE ALFRED KRUG,,54000,NANCY,,,,,03 83 32 16 05
FAC LOGISTIQUE,RUE DE L'ANTENNE,CLOS ST YON LES ESSARTS,76530,GRAND COURONNE,France,,,,
CGED,58 RUE D'EPINAL,,88190,GOLBEY,France,,,,03 29 34 42 41
DUFF NORTON,45 ROUTE NATIONALE,,02310,ROMENY SUR MARNE,,,,,03 23 70 70 00
ETATRON,16 RUE DU COMPAS,B 10,95310,SAINT OUEN L'AUMONE,France,,,,01 34 48 77 15
SR2I,ALLEE 6 ZI INOVA 3000,BP 10076,88152,THAON LES VOSGES,France,,,,03 29 29 25 50
EVACEAU,4 IMPASSE DENIS PAPIN,,67400,ILLKIRCH,France,,,,03 88 55 35 00
JVC SAS,ZAC 13 RUE DU RUISSEAU,SAINT PIERRE,57245,PELTRE,France,,,,03 87 38 19 19
EBG,"ZI DE LA DOLLER ",8 RUE DU CHEMIN DE FER,68520,BURNHAUPT LE HAUT,France,,,,03 89 53 71 29
VIESSE POMPE S.R.L.,"VIA L. EINAUDI,36",,35030,SACCOLONGO (PADOVA),Italie,,,,0039 498015300
FINISH THOMPSON INC.,921 GREENGARDEN ROAD,,ERIE,PA  16501-1591 USA,Etats-Unis,,,,
TUTHILL BENELUX S.A.,AVENUE VESALE 30,,1300,WAVRE - BELGIQUE,Belgique,,,,0032 10 228334
CHARLATTE RESERVOIRS,17 RUE PAUL BERT,,89400,MIGENNES,France,,,,03 86 92 30 00
TSURUMI FRANCE S.A.S,CS 50106,,13615,VENNELLES CEDEX,France,,,38050736800039,
ARBO,LEEMDIJK 2B,,9422,CL SMILDE,Pays-Bas,,NL800862466B01,,0031 592 43 03 10
EATON TECHNOLOGIES GmbH,"AUF DER HEIDE 2,",,D-53947,NETTERSHEIM,Allemagne,,,,
ADM SOUDURES,,,,,,,,,
MIDLAND PUMP MANUFACTURING COMPAGNY,"SEELEYS ROAD, GREET",,B112LF,BIRMINGHAM,Angleterre,,,,00 44 12 17 73 88 62
EUROPE ENVIRONNEMENT,PARC D'ACTIVITES DU PAYS DE THANN,1 RUE DES PINS,68700,ASPACH LE HAUT,France,,,,03 89 37 41 41
AS FLUID,235 RUE CORPORAT,ZONE INDUSTRIELLE CENTR'ALP,"38430 ",MOIRANS,France,,,,04 76 35 81 00
SAMSON REGULATION S.A.,1 RUE DES ROMAINS,,68700,CERNAY,France,,,,03 88 55 79 30
LEWA  FRANCE S.A.S,3 RUE MARCONI,,44800,ST HERBLAIN,France,,,,02 53 44 99 42
ARTFLEX,22 PASSAGE FAUGIER,,69007,LYON,,,,,
PEDROLLO,14 RUE CALMETTE,,69740,GENAS,France,,,,04 72 47 80 30
WIKA,"PARC D'AFFAIRES DES BELLEVUES ",8 RUE ROSA LUXEMBOURG,95610,ERAGNY SUR OISE,France,,,,01 34 30 84 84
APS,85 BIS RUE D'ALSACE,,88000,EPINAL,France,,,,
KOCH PUMPENTECHNIK,AM WIEHEN 2 A,,32457,PORTA WESTFALICA,Allemagne,,,,
RYTEC,148-156 RUE D'ILLZACH,,68053,MULHOUSE CEDEX,France,,,,03 89 45 13 41
DRI,136 RUE JEAN-BAPTISTE GODIN,Z.A. DU GUINDAL,59820,GRAVELINES,France,,,,03 28 63 92 21
YAMADA EUROPE BV,AQUAMARIJNSTRAAT 50,,7554,NS HENGELO (OV),Pays-Bas,,NL007710835B01,,0031 74 24 22 032
WIWA,"WILHELM WAGNER GMBH ",GEWERBESTRASSE 1-3,35633,LAHNAU,Allemagne,,,,
PENTAIR SÜDMO GMBH,Industriestraße 7,,73469,RIESBURG,Allemagne,,DE812560764,,
HIBON,2 AVENUE JEAN-PAUL SARTRE,CS 71013,59447,WASQUEHAL,France,,,,03 20 45 39 03
FLUID CONTROL,29 RUE EDGAR QUINET,,93308,AUBERVILLIERS,France,,,,01 48 34 41 00
LA ROBINETTERIE INDUSTRIELLE,ZI NORD,16 RUE PIERRE COT,71100,CHALON SUR SAONE,,,,,
SCHROEDAHL,SCHOENENBACHER STR.4,,51580,RECIHSHOF-MITTELAGGER,Allemagne,,,,00492 26 59 92 78 20
SOVOTEC,Z.A. DE LA VOIVRE,25 ALLEE DES CHENES,88000,EPINAL,France,,,,03 29 34 74 66
HOMA,PARC DE L'ESPLANADE,20 RUE P. H SPAAK,77400,SAINT THIBAULT DES VIGNES,France,,,,01 60 07 35 46
NEW MATEC,29 AVENUE JEAN MANTELET,BATIMENT B,61000,ALENCON,France,,,,02 50 39 00 00
PR INDUSTRIES,ZAE LES PORTES FORET ZAC VERGERS,5 ALLEE DES CARRIERES N°LB1H,77090,COLLEGIEN MARNE LA VALLEE,France,,,,01 60 17 63 65
DICEEP,19 ROUTE NATIONALE,,54280,LANEUVELOTTE,France,,,,03 83 29 03 43
DEWAELE TECHNICAL AGENCIES B.V.,HAZEWINDSTRAAT 71,,8540,DEERLIJK,Belgique,,BE0416844731,,0032 56 73 56 80
SID STEIBLE,4 AVENUE DE STRASBOURG,ZAC DES COLLINES,68350,DIDENHEIM,France,,,,03 89 60 62 70
CONNEXION INDUSTRIELLE,7 RUE PASTEUR,,54130,SAINT MAX,France,,,,
LATTY INTERNATIONAL,174 RUE DES SAULES,ZI LE CHAPELIER,38110,SAINT JEAN DE SOUDAIN,France,,,,04 74 97 01 09
VISCO JET,DAIMLERSTR.1,,79761,WALDSHUT TIENGE,Allemagne,,,,0049 7741 96567 0
INOXPA,ZAC D'EPINAY,69 ALLEE DES CAILLOTIERES,69400,GLEIZE,France,,,,04 74 62 71 00
FRANCE EXPRESS,,,,,France,,,,
SPX FLOW EUROPE LTD FRANCE,ZONE INDUSTRIELLE N°2,290 RUE JACQUARD,27006,EVREUX CEDEX,France,,,,02 32 23 73 00
KRAUTZBERGER FRANCE,28 AVENUE JOSEPH COMBIER,,26250,LIVRON,France,4690Z,FR 41 423 676 642,42367664200014,04 75 61 10 37
TRANE,INNOVALIA BATIMENT D,46/48 CHEMIN DE LA BRUYERE,69574,DARDILLY,France,,,,04 72 52 28 79
BERMAR,VIA CIRILLO BASSI 28/A,,40015,S. VINCENZO DI GALLIERA,Italie,,,,0039 051 812120
HAENCHEN HYDRAULIQUE SARL,ESPACE EUROPEEN DE L'ENTREPRISE,2 ALLEE D'OSLO,67013,SCHILTIGHEIM,France,,,,03 88 26 18 08
ALBERT DENIS INDUSTRIE,ZI DE LA POINTE - BP 55,22 RUE PIERRE GRANGE,94122,FONTENAY SOUS BOIS,,,,,01 53 99 22 22
AS FLUID SUD,ZI DU FOURNALET,60 IMPASSE GAY LUSSAC,84700,SORGUES,,,,,04 90 83 48 23
REG TECHNOLOGY,1 AVENUE DE LASSUS,,59481,HAUBOURDIN,France,,,,03 20 17 51 00
TRANSFLEX,116-118 ROUTE DE THIONVILLE,,57140,WOIPPY,France,,,,03 87 32 60 60
UNITELECOM,,,,,,,,,
KNF,4 BOULEVARD D'ALSACE,,68128,VILLAGE-NEUF,France,,,,03 89 70 35 00
ELECTRO MOTEUR,6 ZI DE L'ENCENSEMENT,,88200,SAINT NABORD,France,,,,03 29 32 40 05
ASD AUTO,15 RUE DU PRE DOUE,,88150,CHAVELOT,France,,,,03 29 31 01 10
CORIOLIS,,,,,,,,,
DIFF,590 RUE P. AUGUSTE ROIRET,PARC D'ACTIVITES DES TOURRAIS,69290,CRAPONNE,France,,,,08 20 20 94 00
J. LE CORVAISIER,4 ALLEE DES TILLEUS,ZONE INDUSTRIELLE,54182,HEILLECOURT CEDEX,France,,,,03 83 56 02 18
ALLINCKX Christophe,5 RUE DE LA COLOMBIERE,,21000,DIJON,France,,,,06 73 37 14 78
FEUCHT,9 TER RUE FOULD,,78600,LE MESNIL LE ROI,France,,,,01 39 62 35 87
STEIMEL,GEBR. STEIMEL GMBH & CO,MASCHINENFABRIK,53762,HENNEF,Allemagne,,,,00492 24 28 80 90
NYDEGGER S.A.S.,13 RUE DES FRERES LUMIERE,,68000,COLMAR,,,,,03 88 58 00 58
CSF INOX,14 AVENUE DE L'ARCALOD,ZAE RUMILLY SUD,74150,RUMILLY,France,,,,04 50 64 60 82
ZENIT EUROPE,29-31 ZONE ARTISANALE ''OP ZAEMER'',,4959,BASCHARAGE,Luxembourg,,LU22721183,,0 03 52 27 03 05
ORDIS,7 RUE DES PYRENEES,,68390,SAUSHEIM,France,,,,"03 89 50 26 26 "
TORGAN CORP,,,,,Luxembourg,,,,
PUMP INTERNATIONAL LTD,TREVOOLE PRAZE,TREVOOLE PRAZ,TR14 0PJ,CAMBORNE,Angleterre,,,,0044 12 09 831 937
DESMI,21G RUE JACQUES CARTIER,,78960,VOISINS LE BRETONNEUX,France,,,,01 30 43 97 10
MRC,21-23 rue du Petit Albi,Immeuble Cerithe C2- Hall 201,95031,CERGY PONTOISE,France,,,,01 30 73 60 78
POMPES AB,ZA PARIWEST,7 RUE MARIE CURIE,78310,MAUREPAS,France,,,,01 30 05 15 15
M2G,Z.I. CAP VOSGES,15 RUE DES FAISANS,88100,REMOMEIX,France,,,,06 18 16 00 32
SAWA PUMPEN,TAASTRASSE 40,POSTFACH 244,CH-9113,DEGERSHEIM,Suisse,,,,0041 71 372 08 08
STIRO SERVICE SRL,"VIA NAZARIO SAURO,3",,20068,PESCHIERA BORROMOE,Italie,,,,0039 55 30 00 99
CREDITSAFE,,,,,,,,,
POUEY,,,,,,,,,
ALBIN PUMP,Z.I. DU MEYROL,6 AVENUE DU PEYROL,26200,MONTELIMAR,France,,,,04 75 90 92 92
CASTELLO FRANCE,320 RUE SAINT HONORE,,75001,FRANCE,,4669B,FR82453814394,45381439400020,04 77 29 67 81
ALSAPLAST,15 RUE DES FABRIQUES,,65470,HUSSEREN WESSERLING,France,,,,
"KSB ",5 AVENUE DE L'EUROPE,ZI LE RIED - BP156,67723,HOERDT CEDEX,,,,,
SERRURERIE SERVICE,ZA DE LA GARE,,88600,BROUVELIEURES,,,,,
EFRAPO - Strasbourg,1 RUE DE CHERBOURG,,67026,STRASBOURG CEDEX,France,,,,03 88 40 40 40
" ",ZA - 433 AVENUE SAINTE BARBE,,30520,SAINT MARTIN DE VALGALGUES,France,,,,04 66 30 19 16
POMPES CHIMIQUES BRAHIC,6 CHEMIN DES 2 MAS,PIST 4,30100,ALES,,,,,04 66 30 19 16
GROUPE RMS,"ZI LA FOUGERE ",,88150,CHAVELOT,France,,,,03 29 31 34 73
SOVAL,1 RUE DES FONDERIES,,52130,BROUSSEVAL,,,,,03 25 56 74 74
ATLANTIQUE INDUSTRIE,80 IMPASSE FELIX AMIOT,,44150,ANCENIS,France,,,,02 40 09 70 09
BEN AMARA,,,,,,,,,
SOPEFI,ZAC DES MURONS,13 RUE JULES VEDRINES,42160,ANDREZIEUX,France,,,,04 77 61 35 42
SESEM,70-74 RUE AMBROISE CROIZAT,LA MANUFACTURE - CS 40001,93207,SAINT DENIS CEDEX,France,,,,01 55 84 05 20
NEOTECH,19 RUE ANTOINE DE ST EXUPERY,BP 53090,88103,SAINT-DIE-DES-VOSGES,,,,,
ZIEGLER,,,,,,,,,
CGR,38 AVENUE PAUL VAILLANT COUTURIER,,51430,TINQUEUX,France,,,,03 26 79 33 75
ROBUSCHI,6 RUE DE LA GRANDE BORNE,,77990,LE MESNIL AMELOT,France,,,,01 60 03 75 69
SPMB,"RUE DE L'YSER,31",,B-7180,SENEFFE,Belgique,,,,0032 64 36 86 64
VOGELSANG,Z.A. DE FONTGRAVE,,26740,MONTBOUCHER SUR JABRON,France,,,,04 75 52 74 50
TILLOC,118 ROUTE DE THIONVILLE,,57140,WOIPPY,France,,,,
J2L INVEST,,,,,,,,,
STI,9 AVENUE PIERRE DE COUBERTIN,,88150,THAON LES VOSGES,France,,,,
EQHYP AIR-CA,3 RUE JACQUES MURGIER,ACTIPOLE LA NEUVILLETTE,51051,REIMS CEDEX,France,,,,03 26 87 35 25
ENVIROFLEX,"UNIT 16, EXCHANGE POINT","PEAK DRIVE, DERBY",DE24 8EB,DERBYSHIRE,Angleterre,,,,0044 13 32 913 200
IP FRANCE,ZA DU PLATEAU,,54630,FLAVIGNY SUR MOSELLE,France,,,,03 83 25 45 04
CAPRARI FRANCE SARL,16 RUE CLAUDE BERNARD,Z.A. PARIWEST,78310,MAUREPAS,France,,,,01 30 13 92 70
RISACHER Nanc,5 RUE ANDRE JACQUEMIN,,88000,EPINAL,France,,,,
DB SCHENKER,,,,,France,,,,
LAMBERT MOTEURS SAS,RUE DU CHATEAU D'EAU,,69410,CHAMPAGNE AU MONT D'OR,France,,,,04 78 66 89 50
VECTA COLLE,14 CHEMIN DU FORT,,31180,CASTELMAUROU,France,,,,05 61 08 49 49
SAPHIR'M,,,,,,,,,
FLUID HYDR'EAU,290 RUE LOUISE LABE,Z.I. CHAPOTIN,69970,CHAPONNAY,France,,,,04 37 28 20 10
TDM,,,,,,,,,
AKO INNOVATIONS - SAS,Z.A. DES TUILIERS,5 RUE GILARDONI,68210,RETZWILLER,France,,,,03 89 40 12 13
ABRA POMPE S.R.L.,"VIA R. MORANDI, 29",,20090,SEGRATE,Italie,,,,
VANNES EBRO,10 RUE DU MARECHAL JUIN,,95210,SAINT GRATIEN,France,,,,01 34 28 41 41
CPG,Z.I. DE RUITZ -SECTEUR LE BOIS,215 RUE DES REPTINS,62620,BARLIN,France,,,,03 21 62 47 67
CIC,,,,,France,,,,
OVINI,,,,,,,,,
SADEC,11 AVENUE BOUFFLERS,,54000,NANCY,France,,,,
PROCHEM,WASHFORD MILL,"MILL STREET, CONGLETON",CHESHIRE,CW12 2AD,Angleterre,,,,+44 (0) 12 60 29 9770
TOSHIBA,,,,,,,,,
PRICEMINISTER,,,,,,,,,
CARTE BANCAIRE,,,,,,,,,
GEMU SAS,1 RUE JEAN BUGATTI,,67129,MOLSHEIM,France,,,,03 88 48 21 00
GEDO POMPES,"24, LES VIGNES",,34380,VIOLS LE FORT,France,,,,09 70 40 78 08
LRI,ZI MONTAUDRAN,26 AV DIDIER DAURAT,31400,TOULOUSE,France,,,,05 34 25 63 94
KRAMPITZ,DANNENBERGER STR.15,,21368,DAHLENBURG/LBG,Allemagne,,,,0049 58 51 94 43-0
TSURUMI POMPES LOCATION,11 AVENUE DE LA CONCORDE,,67120,ERNOLSHEIM SUR BRUCHE,France,,,,03 88 33 62 68
SCHWAB,EICHENALLEE 4,,24589,NORTORF,Allemagne,,,,0049 43 92 91 24 14
CIMAP,13 AVENUE DE LA PORTE DE CHAMPERRET,,75017,PARIS,France,,,,01 44 29 00 00
THOME,60 ROUTE DU LUXEMBOURG,,57100,MANON,France,,,,03 82 82 46 66
INDUSTRIE PUMPEN VERTRIEBS,GMBH DRESDEN,OTTO-MOHR-STRASSE 8,01237,DRESDEN,Allemagne,,,,00351 28 79 88 0
MOSAPLAST,18 BIS RUE DU POINT DU JOUR,,08600,GIVET,France,,,,
MG CHAUDRONNERIE,1223 RUE BOIS LA VILLE,,54200,TOUL,France,,,,03 83 43 19 66
CREST PUMPS GROUP,7 QUEENSWAY,STEM LANE IND EST NEW MILTON,BH25 5NN,HAMPSHIRE,Angleterre,,,,0044 1425 627 700
LUTZ FRANCE S.A.S,35-37 AVENUE DU GROS CHENE,VALAD PARC D'ERAGNY,95220,HERBLAY,France,,,,01 79 97 37 10
PSH,LA FORJA,"54, PL CENTRO",08840,VILADECANS,Espagne,,,,0034 93 377 40 66
COVECA SARL,33 RUE DENIS DU PEAGE,ZONE D'EMPLOI ST ROCH,59520,MARQUETTE LEZ LILLE,,4669B,FR82 403402233,40340223300015,03 20 55 00 42
SEFLID,15 ROUTE DEPARTEMENTALE 1004,,67700,OTTERSWILLER,,,,,03 88 91 84 84
RELLY,Z.I. DE LEPANGE,,88360,RUPT/MOSELLE,France,,,,03 29 61 00 00
AMBULANCES PIERRARD,66 RUE DU GENERAL LECLERC,,88500,MIRECOURT,France,,,,03 29 37 09 44
LBA,16 PLACE DE LA MADELEINE,,21200,BEAUNE,France,,,,
EMS,210 RUE SAINT REMY,,88500,BAUDRICOURT,France,,,,
PARSEC,17 AVENUE DES TILLEULS,,57191,FLORANGE,France,,,,03 82 51 44 78
COMPTOIR DE L'OBJET,39 RUE EMILE ZOLA,,88000,EPINAL,France,,,,03 29 35 00 57
IFM ELECTRONIC,1/3 RUE JEAN RICHEPIN,IMMEUBLE URANUS,93192,NOISY LE GRAND,France,,,,08 20 22 30 01
VANEFI CONSEIL,ZONE SEBASTOPOL,19 RUE DE SARRE,57070,METZ,France,,,,
MERLINO,11 RUE DE LA MOSELLE,,88190,GOLBEY,France,,,,03 29 34 18 57
EMERSON PROCESS MANAGEMENT,EUROPARC DU CHENE,14 RUE EDISON,69671,BRON CEDEX,France,,,,04 72 15 98 00
HELVETIA,,,,,France,,,,
EUREKA INDUSTRIES,130 AVENUE FOCH,,94100,SAINT MAUR DES FOSSES,France,,,,01 43 97 48 71
THINQK LTD,DE SCHEPER 260,,5688,OIRSCHOT,Pays-Bas,,NL859341641B01,,
DISTRILAB INDUSTRIE,15 RUE DE LA VOIVRE,Z.I. DE LA VOIVRE,88000,EPINAL,France,,,,03.29.38.29.20
HOTEL,,,,,France,,,,
PHILIPPE BADER - STEPHAN WILLER,31 RUE JEAN MONNET,BP 42064,68059,MULHOUSE CEDEX 2,France,,,,03 89 56 62 74
CCI NANCY,110 BOULEVARD D'AUSTRASIE,,54000,NANCY,France,,,,03 83 85 61 00
IUT LYON 1,43 BD DU 11 NOVEMBRE 1918,,69622,VILLEURBANNE,France,,,,
NETZSCH,32-34 AVENUE DES CHARDONS,,77348,PONTAULT-COMBAULT,France,,,,01 64 43 54 10
LEJEUNE ENVIRONNEMENT,84 RUE GUSTAVE COLIN,,62000,ARRAS,France,,,,06 31 98 05 43
PRENAT Jean-François,68 AVENUE FRANCOIS JACOB,,51430,BEZANNES,France,,,,07 78 18 17 08
LEYBOLD FRANCE SAS,RUE A. BERGES BP 107 640,,26501,BOURG LES VALENCE CEDEX,Allemagne,,DE 17 455 58 05,,0049 221 3470
KUEHNE + NAGEL ROAD,350 RUE DU CHAMP MOYEN,,54710,FLEVILLE DEVANT NANCY,France,,,,03 83 26 54 54
OCENE,AVENUE DE MONTHORIN,,35420,LOUVIGNE DU DESERT,France,,,,02 99 98 00 58
BROQUET,15 RUE JEAN POULMARCH,,95100,ARGENTEUIL,France,,,,01 39 47 36 10
SEMI,Z.A. DE BREQUETTES,,57175,GANDRANGE,France,,,,03 87 58 34 62
IN FINE,24 AVENUE DE LA FONTENELLE,,88190,GOLBEY,France,,,,06 29 26 54 83
OFFICINE MECCANICHE PARENTI SRL,VIA EMILIA 51/C,,40011,ANZOLA EMILIA (BOLOGNA),Italie,,IT02577301209,,+39 051 732190
RELINCO,6 AVENUE DES ANDES,,91952,COURTABOEUF CEDEX,France,518M,FR67592031629,59203162900039,01 60 92 59 67
EMMAP,9 RUE DU VIEUX MOULIN,ZI COURBETAUX,51210,MONTMIRAIL,France,,,,"03 26 80 54 81 "
RELINCO,6 AVENUE DES ANDES,,91952,COURTABOEUF Cedex,France,518M,FR 67 592 031 629,59203162900039,01 60 92 59 67
ELECT-IP,78 RUE ROGER SALENGRO,,54230,NEUVES-MAISONS,France,,,,03 83 26 45 38
DEKLIC,17 RUE DE L'ENCENCEMENT,,88200,SAINT-NABORD,France,,,,03 29 69 15 00
"R & O DEPOLLUTION ",PARC DU COLOMBIER,14 RUE JULES SAULNIER,93200,SAINT-DENIS,France,,,,01 41 51 18 18
COGETIL S.A,44 ROUTE DU BASSIN N°6,,92638,GENNEVILLIERS,France,,,,01 47 99 71 71
FIRST ECO,,,,,France,,,,
PENTAIR WATER ITALY,VIA MASACCIO,,13 56010,LUGNANO (PISE),Italie,,,,
SWISS,19 RUE LEOPOLD,,88600,BRUYERES,France,,,,
MANUTAN,AVENUE DU XXième SIECLE,,95500,GONESSE,France,,,,
CIAT,3 RUE TONNELIER,,67960,ENTZHEIM,France,,FR 01 545 620 114,,03 69 24 01 23
AXFLOW S.A.S,ZAC DE LA CROIX PRUNELLE,,27220,SAINT ANDRE DE L'EURE,France,,FR91 542 048 798,542048798,02 32 37 49 06
DZIECIUCH Jean,,,,,France,,,,
POMPES BODIN,ROUTE DE TOURS - BP 29,,37150,BLERE,France,2813Z,FR 32 775 592 348,77559234800012,02 47 57 89 86
A.C.E. DIJON,4 RUE NOURISSAT,,21000,DIJON CEDEX,France,,,,03 80 59 60 00
PINK DESIGN,343 RUE DE LA PRAIRIE,,88270,VALLEROY AUX SAULES,France,,,,
LA MAISON DES ARTISTES,60 RUE DU FAUBOURG POISSONNIERE,,75484,PARIS CEDEX 10,France,,,,01 53 35 83 63
GITRAL,ZI DE BOURNAT,,63190,ORLEAT,France,,,,04 73 73 12 75
WIWA FRANCE,"20 AVENUE MARECHAL DELATTRE ",DE TASSIGNY,69330,MEYZIEU,France,,,,04 72 27 08 80
GARAGE DE LA VRAINE,32 RUE D'ALSACE,,88170,GIRONCOURT SUR VRAINE,France,,,,03 29 94 42 38
CRANE -> VOIR XOMOX FRANCE,8 RUE DE L'ILL,,68350,BRUNSTATT,France,4669B,FR27945851079,945851079,03 89 61 13 28
XOMOX FRANCE,8 RUE DE L'ILL,,68350,BRUNSTATT,France,,,,03 89 61 13 28
FREE KART,,,,,France,,,,
SAMOA FRANCE,BP 70103,,67602,SELESTAT Cedex,France,,,39261239600078,03 88 82 79 62
TMI,1 RUE GUSTAVE EIFFEL,ZI LA CHAZOTTE,42353,"LA TALAUDIERE ",France,,,,04 77 53 28 72
TAXI DE LA VRAINE,28 RUE LASSUS,,88170,GEMMELAINCOURT,France,,,,
SANEL PLASTIMARNE,ZA DES GRANDS LONGERONS,,51170,FISMES,France,,,,03 26 48 33 10
RICKMEIER,LANGENHOLTHAUSER STR 20-22,,D-58802,BALVE,Allemagne,,,,0049 23 75 92 70
ANDRITZ SAS,30 RUE HENRI MARTIN,,86100,CHATELLERAULT,France,,,,05 49 93 93 81
EMO SAS,4 RUE LEPINE,BP 53209,35532,NOYAL SUR VILAINE,France,,,,02 99 86 02 03
SICAP PLASTURGIE,1 RUE ANDRE MARIE AMPERE,ZI DES BLETTRYS,71530,CHAMPFORGEUIL,France,,,34265756600028,03 85 97 25 55
JOSEF EMMERICH,JOSEF EMMERICH STRASSE 1-3,,53506,HONNINGEN-LIERS,Allemagne,,,,0049 26 95 92 01 0
NISSAN,1 ROUTE DE THIONVILLE,,57050,METZ,France,,,,03 87 30 00 31
HYDRO-FLUID,115 ROUTE DU ROBINSON,,74150,VALLIERES,France,,,,04 50 68 20 02
MATHIEU,1 RUE DES PORTIONS,,88200,ST NABORD,France,,,,03 29 62 18 39
LE GRAND HOTEL,PLACE DU TILLEUL,,88400,GERARDMER,France,,,,03 29 63 06 31
MENG,38 RUE DE MULHOUSE,BP 53,68171,RIXHEIM,France,,,,03 89 44 11 07
DATEP,"Z.A. ""LES PORTES DU NORD""",,62820,LIBERCOURT,France,,,,03 21 40 06 10
STIC,"100, ZI DE TRUSEY",,88390,CHAUMOUSEY,France,,,,03 29 43 12 17
CT PLATON SAS,BP 70-213,3 RUE NICOLAS CHAIZE,42013,SAINT ETIENNE CEDEX 2,France,,FR45439195447,43919544700040,04 77 41 06 88
REXEL EPINAL,8 AVENUE DU ROSE POIRIER - BP1099,ZIC DU SAUT LE CERF - LA VOIVRE,88000,EPINAL,France,4669A,FR 26 309 304 616,,03 29 81 16 16
MECA-INOX,ZAC DE MAGNY,12 RUE DE LA HAUTE BORNE,27140,GISORS,France,,,,
JEANNOT,20 PORTE DU GRAND LYON,,01700,NEYRON,France,,,,04 37 85 12 12
MOTRALEC,4 RUE LAVOISIER,BP 60066,95223,HERBLAY,France,,,,01 39 97 65 10
MICHELIN,,,,,France,,,,
EIMI METZ,6 ALLEE DES TILLEULS,PARC ARAVIS,57130,JOUY-AUX-ARCHES,France,,,,03 87 60 68 60
CCI VOSGES,10 RUE CLAUDE GELEE,,88026,EPINAL CEDEX,France,,,,03 29 33 88 88
LA POSTE,,,,,France,,,,
EPSAT,32 RUE ANDRE VITU,,88027,EPINAL,France,,,,03 29 82 26 84
SEEPEX PUMPEN,1 RUE PELLOUTIER,,77183,CROISSY BEAUBOURG,France,,,,01 64 11 44 50
MABEO INDUSTRIES,18 AVENUE D'ARSONVAL,,01000,BOURG EN BRESSE,France,,,,03 22 43 21 24
FLOWSERVE SIHI S.L (SPAIN),"Vrda. Zapateros ",,28223,POZUELO DE ALARCON MADRID,Espagne,,ESB28181972,,
SIMONIN MESSAGERIE,ZONE ARTISANALE,PATIS DES SAULES,88450,VINCEY,France,,,,"03 29 67 41 70 "
TH - FRANCE,550 AVENUE DU GENERAL DE GAULLE,BP 203 SAINTE MARGUERITE,88106,SAINT DIE CEDEX,France,,,,03 29 56 23 82
JLM,772 ROUTE DE FLEVILLE,,54710,LUDRES,France,,,,03 83 25 72 00
ENGINEERING MESURES,120 ROUTE DE VERSAILLES,,91160,CHAMPLAN,France,,,,01 69 41 41 41
STOCKLOR,ZI INOVA 3000,13 RUE DE L'INDUSTRIE,88150,THAON LES VOSGES,France,,,,03 29 39 03 39
PLASTIQUES DE L'AISNE,ZI DES WAILLONS,,02200,BRAINE,France,,,,03 23 74 85 68
FDPI,,,,,France,,,,
VILLA MATHIS,COL DU KREUTWEG,,67140,LE HOHWALD,France,,,,
MIL'S,15 RUE DE GENEVE,,69746,GENAS Cedex,France,,FR48327218939,,04 72 78 00 40
AXESS INDUSTRIES,1 RUE JOB,,67100,STRASBOURG,France,,FR14 489 469 890,48946989000060,03 88 18 31 03
AQUARIUM,38 RUE DE TENTELING,,57980,DIEBLING,France,,,,03 87 02 47 51
LUTZ KRACHT,LUKRA PUMPEN,POSTFACH 1226,58804,NEUENRADE,Allemagne,,,,0049 23 94 24 57 00
CAPEL DMP,54 ALLEE DES PLATANES,,77100,MEAUX,France,,,,01 60 09 92 77
CJD,,,,,France,,,,
CCI YONNE,,,,,France,,,,
LIBERAT,,,,,France,,,,
TECHNIPLAST,ZONE ARTISANALE,BP 20005,57660,GROSTENQUIN,France,2223Z,FR59385233705,38523370500024,03 87 01 77 77
VARVENNE NOTAIRES ASSOCIES,,,,,France,,,,
COMPTOIRS INDUSTRIELS DU RHONE,75 AVENUE DU PROGRES,,69680,CHASSIEU,France,,,,04 78 60 57 00
CPI-SALINA,Z.A. LES GAUDINES,5 RUE GUSTAVE EIFFEL,78570,ANDRESY,France,,,,01 39 70 84 50
" ",,,,,France,,,,
TIMMER,DIESELSTRASSE 38,,48485,NEUENKIRCHEN,Allemagne,,,,0049 17 47 46 28 05
RENSON INTERNATIONAL,ZA DE L'A2,ACTIPOLE - AVENUE STE OLLE,59554,RAILLENCOURT STE OLLE,France,,,,03 27 72 94 94
FTA,ZA DE LA GARE,6 AVENUE HENRI BEAUDELET,77330,OZOIR LA FERRIERE,France,,,,01 64 40 00 29
CAZAUX,ZA DE LALANDE,,33450,MONTUSSAN,France,,,,05 57 77 70 70
RESEAU ENTREPRENDRE,,,,,France,,,,
KIMMEL,9 RUE RENE FRANCOIS JOLLY,,57200,SARREGUEMINES,France,,,,03 87 28 50 30
WILMOT,441 ROUTE DE BAPAUME,,59400,FONTAINE NOTRE DAME,France,,,,03 27 74 10 47
EFFET MIROIR,2 CHEMIN DU BREUIL,,57220,BOULAY,France,,,,
BOWI PUMPS,"SCHRIEKBOS,90",,2980,ZOERSEL,Belgique,,,,0032 36 63 86 64
CURIONOMIE,16 RUE DE LA PRIMATIALE,,54000,NANCY,France,,,,06 43 19 25 46
IMMO PRAM,,,,,France,,,,
CAPITANIO AIRPUMPS S.R.L.,VIA BRIGATA MAZZINI,35/A,36016,THIENE (VI),Italie,,IT03695530240,,04 45 18 56 565
BALTIMORE AIRCOIL INTERNATIONAL SA,INDUSTRIEPARK ZONE A,,2220,HEIST-OP-DEN BERG,Belgique,,BE0434839320,,
WOEHL,11 RUE DE BAYONNE,,67100,STRASBOURG,France,,,,
18.1 ALLEE DU COCHE,44J AVENUE FRANCOISE GIROUD,2EME ETAGE,21000,DIJON,France,,,,06 29 11 58 89
CLEXTRAL,1 RUE COLONEL-RIEZ,,42702,FIRMINY,France,,,,04 77 40 31 43
ADF ETANCHEITE,12 RUE DU HAUT DE CHAUNE,,88600,BROUVELIEURES,France,,,,07 85 32 39 52
SEKO SAS,ALLEE DU 1ER MAI,ZI PARIEST CROISSY BEAUBOURG,77183,CROISSY BEAUBOURG,France,,,,01 60 05 90 60
CROUSTILLANCE,3 RUE DE LA MOSELLE,,88330,CHATEL SUR MOSELLE,France,,,,
EPAC,5 RUE DE LA BALLASTIERE,BP 49,88192,GOLBEY CEDEX,France,,,,03 29 68 80 80
POMPE CUCCHI SRL,VIA DEI PIOPPI 39,,20090,OPERA,Italie,,,,0039 02 57 60 62 87
GERARD FORMATION,,,,,France,,,,
CAPTAGE NEUTRALISATION,46 RUE DU HAUT DU PIN,,88470,SAINT MICHEL SUR MEURTHE,France,,,,03 29 58 33 76
DIRECT ENERGIE,,,,,France,,,,
JC LOGISTIQUE,28 RUE DES ORMES,,88160,FRESSE SUR MOSELLE,France,,,,03 29 25 73 12
A2V,6 RUE MARYSE BASTIE,PARC BEL AIR LA FORET,78125,GAZERAN,France,,,,01 61 08 62 19
BOULANGER,3 RUE DE RAMBERVILLERS,,88700,SAINT GORGON,France,,,,03 29 65 08 07
VAN DAMME Virgile,35 GRANDE RUE,,02640,SAINT SIMON,France,,,,
NICOLAS FRERES,37 GRANDE RUE,,88130,SAVIGNY,France,,,,
MCV,,,,,France,,,,
BALLAND CARRELAGE,,,,,France,,,,
DISTRI BOISSONS,,,,,France,,,,
LIGNE CARREE,,,,,France,,,,
LSI,,,,,France,,,,
BPALC,,,,,France,,,,
MERITECH,10 RUE DE L'AVENIR,,3895,FOETZ,Luxembourg,,,,
ELECTRO CONCEPT,4 IMPASSE DE BRU,,88700,RAMBERVILLERS,France,,,,03 29 65 42 47
DERICHEBOURG,,,,,France,,,,
MANULOC,,,,,France,,,,
AMO ASSET MANAGEMENT,162 RUE EMILE ZOLA,,59162,OSTRICOURT,France,,,,03 27 71 13 19
BERNER SARL,"Z.I LES MANTEAUX ","14 RUE ALBERT BERNER ","89331 ","ST JULIEN DU SAULT ",France,,,,"09 74 19 59 59 "
AB SECURITE,,,,,France,,,,
HOTEL LAFAYETTE,,,,,France,,,,
ANDREZ BRAJON DUPONT EST - Maxeville,4 AVENUE DU GENERAL DE GAULLE,SITE ST JACQUES 2,54320,MAXEVILLE,France,,,,"03 83 39 80 80 "
PRMC,25 BIS RUE DE LA GARE,,88380,ARCHES,France,,,,03 29 35 32 23
ULTRAFILTER SAS,DONALDSON - B.P. 80012,6 RUE DE LA CROIX JACQUEBOT,95450,VIGNY,France,4669B,FR86 348038191,348038191,01 34 48 60 70
INTERGROS,,,,,France,,,,
BUHLER TECHNOLOGIES SAS,28 rue Schweighaueser,,67000,STRASBOURG,France,,,,0049 21 02 49 89
FLOWSERVE POMPES SAS,CS 10001,13 RUE MAURICE TRINTIGNANT,72234,ARNAGE CEDEX,France,,,,03 20 61 73 62
FABULLI,21 RUE DAME MARIE,,54740,GERMONVILLE,France,,,,06 07 44 66 25
CLOVIS,,,,,France,,,,
GAIFFE,,,,,France,,,,
JUMP,17 RUE PIERRE NOBEL,,45700,VILLEMANDEUR,France,,,,02 38 99 01 17
BUROSTYL,,,,,France,,,,
EUREKA TECHNOLOGIES,ZONE INDUSTRIELLE DES PAITUOTES,CHEMIN DES GRANDES HYERES,88100,SAINTE MARGUERITE,France,,,,03 29 56 15 20
KRACHT,GEWERBESTRASSE 20,,58791,WERDOHL,Allemagne,,DE123837280,,0049 23 92 93 50
GRAND HOTEL NANCY,,,,,France,,,,
CLASS'CROUTE,,,,,France,,,,
ECO DU KEPI,,,,,France,,,,
MMA,,,,,France,,,,
AVSEA,6 RUE LEO VALENTION,,88050,EPINAL CEDEX,France,,,,
NICOLAS CUNY,40 RUE DE L'EGLISE,,88600,GUGNECOURT,France,,,,06 22 02 64 14
TECHin SRL,"VIA SAN ANTONIO,13",,36030,FARA VICENTINO,Italie,,IT03656960246,,0039 04 45 87 48 83
SAUTER REGULATION,ECOPARC OCEANIS A2,97 RUE HAROUN TAZIEFF,54523,LAXOU CEDEX,France,,,,03 83 97 13 23
PPF,1 RUE DE BELGIQUE,ZAE DU HEIDEN OUEST,68310,WITTELSHEIM,France,,,,03 89 55 11 55
PESAGE 88,,,,,France,,,,
COMPTEUR-ENERGIE.COM,5 AVENUE GEORGES BATAILLE,,60330,LE PLESSIS BELLEVILLE,France,,,,03 60 80 00 10
MOGRA,2 RUE CLAUDE MONNET,,70000,VESOUL,France,,,,03 84 76 41 49
AZ CHAPITEAUX,ZI INOVA 3000 - ALLEE 6,,88150,THAON LES VOSGES,France,,,,
COMMUNE DE CHAVELOT,4 RUE DE L'EGLISE,,88150,CHAVELOT,France,,,,03 29 39 19 63
ENTREPRENDRE EN LORRAINE NORD,,,,,France,,,,
CHEVRIER,ZA DU PATIS DES SAULES,,88450,VINCEY,France,,,,03 29 67 46 61
DEMANGEL CLEMENT,,,,,France,,,,
CJD INTERNATIONAL,,,,,Ile Maurice,,,,
HOUOT PATRICK,2 IMPASSE JEAN MERMOZ,,88190,GOLBEY,France,,,,
SCHULLER,ROUTE DE JEUXEY,,88000,EPINAL,France,,,,03 29 34 00 95
EVENTS COORDINATION,,,,,France,,,,
ROMAIN BIND,,,,,France,,,,
EXCO NEXIOM,36 RUE LOUIS MEYER,,88190,GOLBEY,France,,,,03 29 81 43 00
QUONEX,,,,,France,,,,
RB PHOTO,5 RUE GORGES CHEPFERT,,54510,,France,,,,
CARTE BANCAIRE AM,,,,,France,,,,
VANLAER,1A RUE DE LA RACHE,,59320,HAUBOURDIN,France,,,,03 20 07 60 61
GUMMI ROLLER,ZARE EST N°6,,L-4385,EHLERANGE,Luxembourg,,,,352 48 15 45
BEAU RIVAGE,2 AVENUE DE LA VILLE DE VICHY,,88400,GERARDMER,France,,,,
INTERSPORT,22 RUE DU PUITS DE ROCHE,,88200,SAINT ETIENNE LES REMIREMONT,France,,,,
MEDIA QUATRE,,,,,France,,,,
HAUBERT F,,,,,France,,,,
MEDIACO,ZAC DE LA CROISETTE,,54210,SAINT NICOLAS DE PORT,France,,,,03 83 46 96 99
APPROFLON,730 RUE DES BARRONNIERES,,01700,BEYNOST,France,,,,04 72 45 60 38
PASQUIER,,,,,France,,,,
VOSGES MATIN,,,,,France,,,,
WEBPORTAGE,,,,,France,,,,
EAU ET FEU,ZONE INDUSTRIELLE SUD-EST,RUE ALOYS SENEFELDER BP 1008,51683,REIMS CEDEX 2,France,,,,03 26 50 69 52
CHIBANE MADISON,,,,,France,,,,
LA BERGAMOTE,,,,,France,,,,
TECNOPLASTIC,VIA CALABRIA 3/5,,35020,SAONORA,Italie,,,,0039 049 87 90 775
BUREAU MONTAGNE,,,,,France,,,,
GEA PROCESS ENGINEERING,4 RUE JEAN-PIERRE TIMBAUD,BP80,78185,ST QUENTIN EN YVELINES,France,,,,01 30 14 61 10
DB SERVICE SAS,91 CHEMIN DE L'EPINE,,88100,TRAINTRUX,France,,,,03 29 58 93 27
ROLLOT,343 RUE DU STADE,,88550,POUXEUX,France,,,,
DMENTIEL,,,,,France,,,,
AZZINI SPA,VIA CADUTI SUL LAVORO 2/4,,26020,CASALMORANO,Italie,,,,0374 74 701
GECI,10 RUE J.M JACQUARD,ZA PESSELIERE,69780,MIONS,France,,,,04 78 20 65 25
CP PUMPS SYSTEMS,"CP PUMPEN AG ",IM BRUHL,4800,ZOFINGEN,Suisse,,CHE102164446,,05 35 54 45 69
"MILTON ROY LLC ","201 IVYLAND ROAD, ",IVYLAND,PA 18974,"Warminster ",Etats-Unis,,,,215-441-0800
PIMENTA Marina,,,,,France,,,,
"ANGA Uszczelnienia Mechaniczne Sp. ","43-340 KOZY, UL.WYZWOLENIA 550",z.o.o,"Pologne "," Bielska-Bialej",Pologne,,,,"33 827-80-00 "
SNI,,,,,France,,,,
"EIM MIRAGE ","ZONE INDUSTRIELLE DES FONTS ","7 RUE CHIMINIE ","34300 ","AGDE ",France,,,,"04 67 01 05 70 "
SCHWER FITTINGS SAS,"PAE DE PRE-MAIRY ","86 ROUTE DU VIERAN ","74370 ",PRINGY,France,,,,"04 50 66 94 41 "
RESIDEO,72 CHEMIN DE LA NOUE,,74380,CRANVES SALES,France,,,,04 50 31 67 30
QUALYS HOTEL,,,,,France,,,,
BOUMAAZA Youcef,,,,,France,,,,
"VICTOR PUMPEN GmbH ","DIESELSTR.7 ","MUNCHEN ",85551,KIRCHHEIM B.,Allemagne,,DE129485585,,"+49 089 9048660 "
"LA ROBINETIQUE ","9 RUE J. RONDEAU ","Z.I DE LADOUX ","63118 ","CEBAZAT ",France,,,,"04 73 84 74 34 "
ELMECAU,"3 RUE DESAIX ",,"67450 ",MUNDOLSHEIM,France,,,,03 88 33 08 24
VINS JEAN LUC COLOMBO,,,,,France,,,,
TAXIS DU CORNILLON,24 RUE DU LANFREY,DELPHIN DIT MAURICE SEBASTIEN,38120,"LE FONTANIL CORNILLON ",France,,,,"06 74 35 76 85 "
NUMERO 18,,,,,France,,,,
MR POMPES,"MR POMPES ","179 RUE DU LEVANT ",30420,CALVISSON,France,,,,"04 66 37 64 04 "
ELECTRO VOSGES,"LE PRE DROUE ","2 RUE DE LA SOFAM ","88150 ",CHAVELOT,France,,,,03.29.81.34.60
R. STAHL FRANCE,30 RUE DES QUATRE GENDARMES D'OUVEA,,84000,AVIGNON,France,,,,"04 32 40 46 46 "
VICHARD ADELINE,,,,,France,,,,
FLUIMAC,"VIA BRESCIA, 1",,21049,TRADATE (VA),Italie,,,,00331 86 66 88
HARTON ANLAGENTECHNIK GMBH,AHORNWEG 13,,57518,Alsdorf,Allemagne,,,,+49 02741-9234-0
ERIKS FLEXIBLES ET RACCORDS,RD 910,,57420,CHEMINOT,France,,FR06766800130,,03 87 69 79 89
CONTINENTAL INDUSTRIE SAS,"ROUTE DE BANEINS ",,"01990 ",ST TRIVIER SUR MOIGNANS,France,,,,
SCHNEIDER,7 RUE ALEXANDRE FREUND,,68300,SAINT LOUIS,France,,,,03 89 70 60 30
TEST,,,,,France,,,,
DHL INTERNATIONAL EXPRESS,53 AVENUE JEAN JAURES,CS80014,93351,LE BOURGET CEDEX,France,,,,
DACD,125 RUE DU ROYANS,ZONE D'ACTIVITES MATHIAS,26320,SAINT MARCEL LES VALENCE,France,,,,04 75 58 80 10
POMPES NPI,"39 IMPASSE EMILE ZOLA ",,"60160 ",MONTATAIRE,France,,,,"03 64 22 82 42 "
URACA FRANCE sarl,"36 RUE DE LAMIRAULT ",Z.A.C LAMIRAULT,77090,COLLEGIEN,France,,,,"01 43 00 66 10 "
FRAIKIN,,,,,France,,,,
FLOWSERVE,Z.I SUD COLLINE,24 RUE BARTHELEMY THIMONIER,13500,MARTIGUES,France,,,,04 42 13 02 71
M.I.V.V,"ZAE, 8 RUE DE LA VOLOGNE",,88600,LAVELINE DEVANT BRUYERES,France,,,,03 29 50 16 18
AT TECHNIC,ZA La Vallée,162 rue de la Chaussée Romaine,02100,SAINT QUENTIN,France,,,,03 23 63 88 14
EHC,PATINOIRE MUNICIPALE,,88000,EPINAL,France,,,,
AMAZON,,,,,Chine,,,,
KAIROSIS,62 RUE ROGER BERIN,,54270,ESSEY LES NANCY,France,,,,
C2P,19 RUE NICOLAS COPERNIC,,60230,CHAMBLY,France,,,81406378000013,01 30 34 59 07
DEXIS BOUTILLON,44 BIS RUE DE LONGVIC,B.P. 192,21304,CHENOVE CEDEX,France,,,,03 80 40 43 50
NOVA ROTORS SRL,VIA CARLO CATTENEO,,36040,SOSSANO,Italie,,,,+39 0444 888 151
AQUATEL,41 RUE SIMON VOLANT,BATIMENT B,59130,LAMBERSART,France,,FR95792361438,,03 20 06 75 00
CEDEO-EPINAL,Allée des Aulnes,Z.I de la Voivre,88000,EPINAL,France,,,,03 29 81 11 00
DOMIX TECHNOLOGY S.L,CAMINO DEL PUENTE VIEJO 49,,"28500 ",ARGENDA DEL REY,Espagne,,,,+34 913531813
PUM PLASTIQUES S.A.S,4 RUE RENÉ FRANCART,ZAC CROIX BLANDIN CS 80002,51684,REIMS CEDEX 2,France,,,,03 26 82 17 17
INGERSOLL RAND,IR France,19 Avenue Christian Doppler,77700,BAILLY ROMAINVILLIERS,France,,,,01 78 71 10 43
KOESIO,178 AVENUE DES ROSEAUX,,57155,MARLY,France,,,34741123300039,03 87 63 72 72
BOISSONS JOLY,25 BOULEVARD DE LA JAMAGNE,,88400,GERARDMER,France,,FR 77 437 600 422,,06 70 14 78 66
LE REPERTOIRE DES ENTREPRISES,53 RUE SAINTE-ANNE,,75002,PARIS,France,,,84852269400019,01 49 27 07 64
AMC,6 RUE DU MOULIN,,88600,LA NEUVEVILLE DEVANT LÉPANGES,France,,,,06 16 16 31 08
CADIOU CHAUDRONNERIE PLASTIQUE,ROUTE DE DOUARNENEZ,BP 4,29180,LOCRONAN,France,,,,02 98 91 80 52
MATRA SPA,"VIA ZUCCOLA, 71",,41015,NONANTOLA (MO),Italie,,,,+39 059 250 407
SARL DJ DIFFUSION,28 RUE DE LA BERTHAUDERIE,,44600,SAINT NAZAIRE,France,,,,04 89 25 00 47
JAC MANUTENTION,85A RUE DE L'AVENIR,ZAC DE MOLINA LA CHAZOTTE,42650,ST JEAN BONNEFOND,France,,,,04 77 93 45 69
FAB PRODUCTIONS & SERVICES,14 ROUTE NATIONALE,,,METZERVISSE,France,,,,03 82 86 03 03
"FLUVO SCHMALENBERGER ","IM SCHELMEN 9-11 ",POSTFACH 2380,D-72072,TUBINGEN,Allemagne,,,,06 73 17 34 72
PEME GOURDIN,AGENCE DE GONNEHEM,913 RUE DE LA LIBERATION- BP 06,62920,GONNEHEM,France,,,,03 21 61 44 00
BEAURAIN MS,ZAC DE PARIS NORD 2,13 RUE DE LA PERDRIX BP 541,95950,"ROISSY ",France,,,,01 48 63 23 80
A.C.M.E SRL,"VIA CASCINA BARERA,6",,20010,SANTO STEFANO TICINO (MI),Italie,,,,+39 02 97950525
VOLSKSWAGEN BANK,15 AVENUE DE LA DEMI-LUNE,,95700,ROISSY,France,,FR09451618904,45161890400010,
ARMATEC FTS GMBH & CO. KG,Friedrich-List-Str. 7,,88353,KISSLEGG,Allemagne,,,,+49 7563 909020
UIMM,4 RUE PAUL LANGEVIN,BP 95108,57073,METZ,France,,,,
LINVOSGES,6 PLACE DES DEPORTES,,88401,GERARDMER,France,,,,03 29 60 11 00
DIAMCO ENGINEERING SAS,5 AVENUE DU PRÉ DE CHALLES,,74940,ANNECY,France,,,,09 72 45 03 56
WP-ARO GmbH,Philipp Reis Str.2,,D-63755,ALZENAU,Allemagne,,,,+49 6023 9643-70
WP-ARO GmbH,Philipp Reis Str-2,,D-63755,ALZENAU,Allemagne,,,,+49 6023 9643-70
ANDREZ BRAJON DUPONT EST-Remiremont,7 Rue du Pont de Cheneau,,88200,Remiremont,France,,,,03 29 23 19 93
PROCESS MIXING SOLUTIONS,7 RUE DES INVESTISSEURS,,91560,CROSNE,France,,,,0169492460
CODAITEC,25 RUE DE LA REGALE,BP 44,77181,COURTRY,France,,,,01 64 26 18 88
AVALCO,234 ALLÉE DES PEUPLIERS,ZONE INDUSTRIELLE,86130,DISSAY,France,,,,05 49 52 42 14
SULZER ENSIVAL-MORET FRANCE,1 RUE CHRISTIAN DUPREZ,,02100,SAINT-QUENTIN,France,,FR 62430313098,430313098,
MECALUX,ZAC MONTAVAS,"1, RUE COLBERT",91320,WISSOUS,France,,,,
INVENTFLOW B.V,Twentepoort Oost 25,,7609,RG ALMELO,Pays-Bas,,,,0646458072
PRINZ PUMPEN GmbH,Südring 54,,D-21465,WENTORF bei Hamburg,Allemagne,,,,040729097-0
TPA,31 VOIE DE LA LIBERTE,,57160,SCY CHAZELLES,France,,,,
F.A.M Snc,Via Aurelia Antica n°42,,58100,GROSSETO,Italie,,IT00220490536,,+39 0564 416409
OPOOL,7 IMPASSE DE LA CAPITELLE,ZAE CRESSE SAINT MARTIN,34660,COURNONSEC,France,,,,04 67 04 17 80
RESEAU EXPRESS SAS,4 AVENUE DE CAMBRIDGE,,14200,HEROUVILLE SAINT CLAIR,France,,,,0972328383
MAXIBURO,2 CHEMIN MADEMOISELLE,BP 385,91959,VILLEBON CEDEX,France,,FR 21 404 451 494,,
LOXAM ACCESS LUDRES,212 RUE PASCAL,,"54710 ",LUDRES,France,,,,03 83 23 40 60
FLEURETTE Philippe,,,,,France,,,,
LORELEC,48 AVENUE CHARLES DE GAULLE,,54425,PULNOY,France,,,,0383290705
HO-MATIC AG,ALTE OBFELDERSTRASSE 55,,CH-8910,AFFOLTERN a.A.,Suisse,,,,+41 43 322 70 80
LECLERC,,,,,France,,,,
BLUE MARKET,17 RUE D'AMERIQUE,,88100,SAINT DIE DES VOSGES,France,,,,03 29 57 64 55
GEMSTONE LTD,293-295 BOULEVARD SAINT-DENIS,,92400,COURBEVOIE,France,,,,01 70 61 30 34
GESPASA,Partida Horta d'Amunt s/n,,25600,BALAGUER LLEIDA,Espagne,,,,"+34 973 451 072 "
SCHWER FITTINGS SAS,PAE DE PRÉ-MAIRY,86 ROUTE DU VIÉRAN PRINGY,74370,ANNECY,France,,,,0450669400
PERISSINOTTO S.P.A,"Via Pascoli, 17",,20055,VIMODRONE (MI),Italie,,,,+39 02 250731
TONER PARTENAIRE,,,,,France,,,,
WERNERT-PUMPEN GMBH,Postfach 102153,,D-45421,MULHEIM AN DER RUHR,Allemagne,,,,+49 (0)208 3758-0
PROLIANS-Eloyes,SCHMERBER-SMEPAC ELOYES,ROUTE DE LA PLAINE D'ELOYES,88510,ELOYES,France,,,,0329328080
SOFINTHER,22 ALLÉE DES PEUPLIERS,ZA PORTE SUD,54180,HEILLECOURT,France,,,,03 83 22 26 10
ATMI,2 AVENUE DES BOSQUETS,Z.A DE L'OBSERVATOIRE,78180,MONTIGNY LE BRETONNEUX,France,,,,01 61 37 35 60
PARTOUCHE Marion,,,,,France,,,,
JEFF DE BRUGES,,,,,France,,,,
MEGE ELECTROMENAGER,,,,,France,,,,
FIMIC SAS,4 RUE DES NONNETIERS,ACTIPOLE METZ BORNY,57070,METZ,France,,,,0387763232
DIEUDONNE Ophélie,,,,,France,,,,
BRUYERES BADMINTON,,,,,France,,,,
ICR INTEGRITY LTD,Units 57-59-ELMSFIELD PARK,LA6 1RJ HOLME,,CARNFORTH,Angleterre,,,,+44 0 1224 822822
LORRAINE EMBALLAGES,9 RUE DES CHAUDRONNIERS,,88190,GOLBEY,France,,,,03 29 34 27 70
BULLES DE DOUCEUR,,,,,France,,,,
BUREAU VALLEE,21 AVENUE DES TERRES ST-JEAN,ZAC DES TERRES ST-JEAN,88000,EPINAL,France,,FR 95 517 553 939,51755393900011,
DOMAINE DE LA CENDRILLON,ROUTE DE NARBONNE,,11200,ORNAISONS,France,,FR81 393 277 017,39327701700017,
CHAMPAGNES & CHATEAUX,1 RUE EDMOND CANARD,,51500,LUDES,France,,FR12 519 877 708,519877708,
FENDER Stéphane,,,,,France,,,,
GREFFE DU TRIBUNAL DE COMMERCE,PLACE JEANNE D'ARC,,88000,EPINAL,France,,FR 79 438 646 309,,
LECHLER,66-72 RUE MARCEAU,BAT CAP 2 B51,93100,MONTREUIL,France,,,,0149882600
ORCHIDEE,"23 QUAI COLONEL RENARD ",,88000,EPINAL,France,,FR04 497 743 922,49774392200021,
GARAGE FJC / AD EXPERT,1 BIS RUE DE L'ABBAYE,,88700,AUTREY,France,,FR 68 493 954 218,49395421800019,
BE ATEX,250 RUE DU CANAL DU MIDI,ZAC DE LA MASQUERE,31750,ESCALQUENS,France,,,,05 61 55 55 69
UNEVIDENCE,,,,,France,,,,
TRESORERIE EPINAL POINCARE,25 RUE ANTOINE HURAULT,BP 91093,88060,EPINAL,France,,,,
MENTZLER ROBERT SAS,6A RUE DU MAILY,,67230,HERBSHEIM,France,,,,03 88 74 46 28
GASCO FRANCE,377 RUE DE LA GARE,,59144,GOMMEGNIES,France,,,,03 27 09 04 44
WATTELEZ,25 RUE CHARLES EDOUARD JEANNERET,TECHNOPARC,78300,POISSY,France,,,,01 30 74 02 07
SAVINO BARBERA SRL,"VIA TORINO, 12",,10032,BRANDIZZO,Italie,,,,+39 01 9139063
AXESSPACK,2507 AVENUE DE L'EUROPE,,69140,RILLIEUX LA PAPE,France,,,,+33 437 28 68 18
POMPES RUTSCHI,61 AVENUE DE FRIBOURG,,68110,Illzach,France,,,,03 89 61 68 03
AQUA MAINTENANCE,16 RUE DES HAUS JARDINS,,88230,FRAIZE,France,,FR60448408609,44840860900023,
MELINE FREDERIC,11 av. Mal. Lattre de Tassigny,,88000,EPINAL,France,,,,
CUNIN INDUSTRIE,18 ROUTE  DU PRÉ DROUÉ,,88150,CHAVELOT,France,,,,03 29 38 13 62
CARTE BANCAIRE,,,,,France,,,,
"VIDAXL ",Mary Kingsleystraat 1,,5928,SK VENLO,Pays-Bas,,,,01 85 14 95 84
CFE FRANCE,49 RUE DE L'EGALITÉ,ZI DE LA PETITE SAVATE,59600,MAUBEUGE,France,,,,06 12 89 64 02
ANCV,,,,,France,,,,
ANCV,,,,,France,,,,
FOUNTAIN,RUE PIERRE ET MARIE CURIE,,59147,GONDECOURT,France,,,411858046,
TECH POMPES,ZA DES PRUNELIERS,1 RUE DES PRUNELIERS,89100,SAINT-MARTIN-DU-TERTRE,France,,,,03 86 66 57 47
BRENNTAG SA,90 AVENUE DU PROGRES,,"69680 ",CHASSIEU,France,,,,0472221600
AUBERGADE,,,88400,GERARDMER,France,,,,
PASSION AUTOMOBILES,ZI DE LA VOIVRE,40 RUE ROSE POIRIER,88051,EPINAL CEDEX,France,,,,03 29 38 22 00
GRANITERIE PETITJEAN,14 CHEMIN DES ECORCES,,88250,LA BRESSE,France,,FR 12 349 067 595,34906759500018,
GL EVENTS,,,,,France,,,,
LOXAM ACCESS DIJON,27 RUE DU BAILLY,,21000,DIJON,France,,,,0380650303
CHEMICOLLOID LABORATORIES INC.,P O BOX 14094,,11788,"HAUPPAUGE, NY",Etats-Unis,,,,
POMPES TRAVAINI,29 RUE DE LORRAINE,,"78200 ",MANTES LA JOLIE,France,,,,0130334566
CG2B 54,,,,,France,,,,
WESTHOEK EQUIPEMENTS,650 CHEMIN DU POTTERS STRAETE,,59470,WORMHOUT,France,,,,07 84 02 01 47
ATELIER TTM,142 ROUGERUPT,,"88220 ",HADOL,France,,,,03 29 33 04 37
ANDREZ BRAJON DUPONT EST-Epinal,7 RUE DE LA VOIVRE,,88000,EPINAL,France,,,,03 29 31 13 14
SOLFLEX GMBH,Am Feuerstein 282,,2392,SULZ IM WIENERWALD,Autriche,,ATU65324348,,+43 2238 20 33 620
CLIC-DISCOUNT,22 RUE DU LIMOUSIN,,67410,DRUSENHEIM,France,,,,03 69 02 10 80
WOERNER,2 RUE AUGUSTIN FRESNEL,,57070,METZ,France,,FR08 327 380 754,,
ENGIE,,,,,France,,,,
BAUMER,363 ROUTE DES MARTINETS,ZAE DE FINDROL,74250,FILLINGES,France,,,,04 50 39 24 66
NPS DIESEL SAS,3 RUE EDME MARIOTTE,ZONE D'ACTIVITÉS DE L'ABBAYE II,44160,PONTCHATEAU,France,,,,02 40 00 50 00
MATERIAUX NOUVEAUX DOCKS,20 RUE DU PRÉ DROUÉ,,88150,CHAVELOT,France,,,,0329311687
SN2I,26 RUE D'EPINAL,,88150,CHAVELOT,France,,,,03 29 36 29 30
HYD&AU LUXEMBOURG,ZI UM WOELLER 12,,4410,SOLEUVRE,Luxembourg,,LU19027986,,+35226458365
HEPPNER,1541 RUE PIERRE ET MARIE CURIE,,54710,LUDRES,France,,,,0383151470
DUARTE David,,,,,France,,,,
ALOES,ZI A- 12 RUE DE LA POINTE,,59113,SECLIN,France,,,,03 20 90 24 30
SOTUMA,ZAC ECOPARC- LE MARIN,1 RUE JEAN LOUIS ETIENNE,57140,NORROY LE VENEUR,France,,,,07 62 00 01 03
ETAPE,,,,,France,,,,
LOCNACELLE,PARC D'ACTIVITES BEAU VALLON,,57970,ILLANGE,France,,,,0382825550
MPL INDUSTRIES,12 RUE DES GRANDS MOULINS,,88200,SAINT ETIENNE LES REMIREMONT,France,,,,03 29 23 91 26
M.I.V.V,ZAE 8 RUE DE LA VOLOGNE,,88600,LAVELINE DEVANT BRUYERES,France,,,,03 29 50 16 18
COMPTEUR ENERGIE,5 avenue G. Bataille,,60330,LE PLESSIS BELLEVILLE,France,,,,03 60 80 00 10
PIMENTA Marina,,,,,France,,,,
SECTORIEL,45 RUE DU RUISSEAU,PARC D'ACTIVITÉS DE CHESNES,38297,ST QUENTIN FALLAVIER,France,,,,0474949070
ARIBA,3420 HILLVIEW AVE,"BUILDING 3 PALO ALTO ",CA94304,,Allemagne,,,,
FAMILLE FABRE SARL,1 RUE DU CHATEAU,,11200,LUC SUR ORBIEU,France,,FR 37 440 349 033,44034903300033,
FILTRES MONNET,5 RUE MARIUS BERLIET BP 601,,01506,AMBERIEU EN BUGEY CEDEX,France,,,,04 74 38 02 11
BAGEL,18 RUE DES PETITES BOUCHERIES,,88000,EPINAL,France,,,,
CAR AVENUE,102 ROUTE DE MARIENTHAL,,67500,HAGUENAU,France,,,,
RSG REGEL UND STEUERGERATE,Klingenweg 1,,74653,Ingelfingen,Allemagne,,DE146282585,,+49 79 40 93 10
ARTHUR PEULTIER,,,,,France,,,,
LA MANSARDE,87 RUE DE LORRAINE,,88190,GOLBEY,France,,,,
MADEMOISELLE DINETTE,275 RUE D'EPINAL,,88390,GIRANCOURT,France,,,,06 30 73 87 23
SDM THERMIQUE & CONTROLE,22 RUE DES PATIS,BP 292,76143,LE PETIT QUEVILLY CEDEX,France,,,,02 32 81 87 87
ODALYS CITY COLOMBELIE,,,,,France,,,,
CNV,,,,,France,,,,
STADE MUNICIPAL BRUYEROIS,,,,,France,,,,
SM2E,"ZA DU PONT ",5 RUE DU PONT,57525,TALANGE,France,,,,03 87 72 59 71
TECHNOFILTRES,Z.A.C DE CHASSAGNE,,69360,TERNAY,France,,,,0472498919
ATEC,ZI DU HAUT VIGNEAU,25 RUE DE LA SOURCE,33174,GRADIGNAN,France,,,,05 56 89 92 00
MW Hydraulik GmbH,Gewerbegebiet Lange Hecke 7,,63796,Kahl am Main,Allemagne,,DE162783314,,+49 6188 81291
CHATEAU DES ILES,,,,,France,,,,
JUROP,VIA CROSERA 50,,33082,AZZANO DECIMO (PN),Italie,,IT00334130937,,0434636811
LA CAISSE A OUTILS,26 RUE D'EPINAL,,88150,CHAVELOT,France,,,,03 29 68 44 08
HYDRALIANS- SOMAIR GERVAT,ZI EST- 5 RUE EDOUARD BRANLY,,68000,COLMAR,France,,FR54434256210,,0389200187
EMERGENCE,10 RUE DES FRERES MERCIER,,25000,BESANCON,France,,FR 01 808 590 509,80859050900010,
SERAFIMA,Karl-Kurz Straße 2,,74538,ROSENGARTEN,Allemagne,,DE320988297,,+49 791 946000
DSM SAS,7 Bis Zone Artisanale La Moise,,88170,CHATENOIS,France,,FR 60 528 617 715,52861771500024,
GYRO VOSGES,6 CHEMIN DE LA HAYE,,88600,AYDOILLES,France,,,,06 12 94 03 14
FAURE TECHNOLOGIES,ZI DES AUREATS,47 ALLÉE MARCONI CS 21438,26014,VALENCE CEDEX,France,,,,04 75 75 99 00
MECA DIFFUSION,31 AVENUE DES LACS,,74950,SCIONZIER,France,,FR42333902625,33390262500040,04 50 18 30 27
VEGA TECHNIQUE SAS,ZA- 15 RUE DU RIED,,67151,ERSTEIN,France,,,,03 88 59 01 50
JAMAGNE,2 BOULEVARD DE LA JAMAGNE,,88401,GERARDMER,France,,,,
ROLLAND,235 ROUTE DE LA BIOLLE,ZA LE SAUVAGE- MOGNARD,73410,ENTRELACS FRANCE,France,,FR38 747 020 030,,04 79 54 72 50
CEDEO-METZ SUD,ROUTE DE JOUY,,57160,MOULINS LES METS,France,,,,03 87 31 38 54
HIDROSTAL,7 RUE DE LOMBARDIE,,69800,ST PRIEST,France,,,,04 81 13 17 60
UPTOO,,,,,France,,,,
ESP GROUPE,14 AVENUE DES VIEUX MOULINS,ZI DE VOVRAY,74000,ANNECY,France,,,,04 50 10 10 40
AESSEAL,ZA DE L'EPINETTE,161 RUE DE BRUXELLES,59850,NIEPPE,France,,,,03 20 17 28 50
LEASCORP,4 Rue Urvoy de Saint Bedan,,44000,NANTES,France,,FR61802147983,802147983,
SPRAYING SYSTEMS FRANCE,5 RUE BARBES CS 40036,,92542,MONTROUGE CEDEX,France,,FR01379522261,,01 46 20 96 40
KILOUTOU,44 ROUTE D'EPINAL,ZI DU PRE DOUE,88150,CHAVELOT,France,,,,03 29 30 33 33
BLANC-GRASSIN,,,,,France,,,,
ERTF FORMATION,3 RUE DREYFUS DUPONT,,57050,METZ,France,,,40433789100133,
EUROFILIALES,1 RUE DES FENOUILLEDES,,66280,SALEILLES,France,,FR02 395 311 210,39531121000045,
PIANELLI FRERES,939 AV MAL DE LATTRE DE TASSIGNY,,83130,LA GARDE,France,,,62950072900013,04 94 75 96 10
TONY SEREY,,,,,France,,,,
HYDRALIANS-PROSJET IRRIGARONNE,320 AVENUE DE LA PETITE CAMARGUE,,30470,AIMARGUES,France,,FR58316881911,,0466886666
REXEL PONTARLIER,12 RUE DENIS PAPIN,,25300,PONTARLIER,France,,,,03 81 46 39 39
NUOVA CONTEC S.R.L,ZONE INDUSTRIELLE 2/1,,33086,MONTEREALE VALCELLINA,Italie,,,,+39 0427 799505
PROLIANS- Bavilliers,(BURDIN MARINGUE) ZI ARGIESANS,"RUE DES COURBES FAUCHÉES ",90800,BAVILLIERS,France,,,,0384214689
PROLIANS- Epinal,"ZONE INDUSTRIELLE DE LA VOIVRE ","19 RUE DE LA VOIVRE ",88000,EPINAL,France,,fr23945751006,94575100600012,0329812210
DE NEUVE TUBES,3 ALLEE DES ABRUZZES - BAT K,PARC TECHNOLAND - ZI CHAMP DOLIN,69800,SAINT PRIEST,France,4672Z,FR96388342438,38834243800040,0472120079
AFPI Lorraine,10 rue Alfred Kastler,"Site technologiques Saint-Jacques ",54320,MAXEVILLE,France,,FR67 783 342 595,783342959,
CERTIS WATERTREATMENT,ZAC DU BOIS SAINT PIERRE,,38280,JANNEYRIAS,France,,,,04 72 47 02 74
GAMBALADONS,,,,,France,,,,
OGEC SAINT LUC CAMBRAI,,,,,France,,,,
LIXXBAIL,,,,,France,,,,
FILOR,659 AVENUE PAUL MULLER,,54600,VILLERS LES NANCY,France,,,,
ETUDES ET APPLCATIONS ECONOMIQUES,,,,,France,,,,
GERARD PHOTO,221 Rue du Maréchal Joffre,,88800,VITTEL,France,,,339511594,
DUCHTING PUMPEN,Wilhelm-Düchting - Strasse 22,,58453,WITTEN,Allemagne,,DE 126883207,348/5826/1793,+49(0)2302/969 0
CEPIC,445 Rue du Noyer des Bouttières,,76800,SAINT ETIENNE DU ROUVRAY,France,2813Z,FR01580501120,58050112000027,0232823782
SARL LA DEYVILLOISE,18 BIS RUE D'ALSACE,,88000,DEYVILLERS,France,,,,03 29 68 22 74
FORD LEASE,1 Rue du 1er Mai,,92000,NANTERRE,France,,FR91 393 319 959,,
EGGER POMPES TURO FRANCE SARL,"IMPASSE DES GRANGES ",,38290,LA VERPILLIERE,France,,FR67950404434,950404434,0474945005
PARISSE Nicolas,,,,,France,,,,
HELLOPRO,5 Avenue de la République,,75011,PARIS,France,,,798044129,
GEMMECOTTI SRL,VIA A. VOLTA 85/A,,20816,CERIANO LAGHETTO (MB),Italie,,,,+39 02 96460406
VOSGES CONTROLE,18 RUE DE LA PLAINE,,88150,CHAVELOT,France,,,,
POMPES GRUNDFOS DISTRIBUTION S.A.S,57 RUE DE MALACOMBE,,38070,ST QUENTIN FALLAVIER,France,4669C,FR84344871496,34487149600057,04 74 82 15 15
BARTHOD,PA LE MAS DES ENTREPRISES,5 AVENUE LIONEL TERRAY,69330,MEYZIEU,France,,,,04 72 97 07 10
FEYEL SAS,ACTIPOLE METZ BORNY,6 RUE DES SERRURIERS,57070,METZ,France,,,,03 87 62 33 11
LOCMATI,ZI INOVA 3000,BP 60089,88153,THAON LES VOSGES,France,7739Z,FR88342225208,34222520800038,0329393333
SD PACK,249 RUE DE L'INDUSTRIE,,01480,JASSANS RIOTTIER,France,,,,0469961099
ARCANE INDUSTRIES,ZI LES PALUDS,222 AV DE LA FLEURIDE - BP 11150,13782,AUBAGNE Cedex,France,2013B,FR62401112024,40111202400039,04 42 82 16 82
PICKLING SYSTEMS,ZONE MEGAZONE DE LA MOSELLE EST,130 RUE DES FOUGERES,57450,HENRIVILLE,France,,,,03 87 82 85 45
BOLLAERT HOTEL,,,,,France,,,,
FLUENCECORP,"RIVIERA MAESTRI DEL LAVORO, 12",,35127,PADOVA,Italie,,03606700288,322680PD,+39.049.870.4817
JPS,5 QUARTIER ROUSSEAU,,33720,CERONS,France,,,,06 17 19 15 47
PRP MACHINES,10 TER ROUTE DE VANDIERES,,54700,NORROY LES PONT A MOUSSON,France,,,,03  83 82 34 50
REXEL HEILLECOURT,3 RUE DU COTEAU,ZI NORD BP 91,54180,HEILLECOURT,France,,,,03 83 15 28 28
RESSORTS HAUT MARNAIS,29 RUE POUGNY,,52270,DOULAINCOURT,France,25932,FR 87 326 331 014,32633101400026,03 25 94 63 33
BMP INTEGRATION,ZA LES CORBIERES,7 IMPASSE DE LA CERISAIE,35580,GOVEN,France,,,,02 99 30 19 79
